"Name","Number","Version","Owner","Function","Sub-function","Functional organization","Infineon location","Container","Release date","Follow-up date","Document Type","Domain","Reviewed by","Approved by","Language","Legacy document number"
"On Job Training Instruction (BE)","Z8F80922517","B.3","hasibuan","Production","All","BE","Cegled, Wuxi, Bangkok, Melaka, Singapore, Kallang Way, Batam, Indonesia, Warstein, Max-Planck","cDtC_BE","2026-06-19T01:12:10+05:30","2028-06-19T01:12:10+05:30","Production: Procedure","Production Document","Chong Pei May (BE QM MAL QMS AD), Gulyas Attila (BE QM FPM CEG QMS), Ng Yu Ning Eileen (BE QM MP SIN QMS), Fan Shuangying (BE QM MP WUX QMS)","Lu Hua (BE QM MP WUX QMS), Cheah Wai Leong (BE QM MAL QMS), Tan Choong Kwang Roger (BE QM MP SIN QMS), Linuwari Yuyun (BE QM MP BAT QMS), Hasibuan Danny Rudy (BE QM MP BAT QMS DCC)","English",""
"OJTI for Line Maintenance for Automated Materials Handling System. (Skill Level 4)(TWI)","Z8F46859891","G.5","taibenwe","Production","Automation (AUT)","BE","Singapore, Kallang Way","cDtC_BE","2024-06-04T10:00:00+05:30","2028-06-04T10:00:00+05:30","Production: Procedure","Production Document","","","English","A5D00001749"
"OJTI for Line Maintenance for Daifuku ASRS. (Skill Level 4)(TWI)","Z8F46859890","G.5","taibenwe","Production","Automation (AUT)","BE","Singapore, Kallang Way","cDtC_BE","2025-04-15T10:00:00+05:30","2028-05-20T10:00:00+05:30","Production: Procedure","Production Document","","","English","A5D00001748"
"OJTI on Line Maintenance for Automated Material Storage System (Skill Level 4)(TWI)","Z8F46861310","B.5","behw","Production","Automation (AUT)","BE","Singapore, Kallang Way","cDtC_BE","2025-05-02T10:00:00+05:30","2027-12-09T11:00:00+05:30","Production: Procedure","Production Document","","","English","A5D00009448"
"OJTI for AMHS Workflow Instructions at Subcon Store. (Skill Level 2)","Z8F46859896","E.4","zamri","Production","Automation (AUT), Storing","BE","Singapore, Kallang Way","cDtC_BE","2024-09-09T10:00:00+05:30","2028-03-29T10:00:00+05:30","Production: Procedure","Production Document","","","English","A5D00001885"
"OJTI on Autonomous Mobile Robot (AMR) with Fixed Rack and Towing Mechanism. (Skill Level 2)(TWI)","Z8F46861526","A.7","behw","Production","Automation (AUT), Packing, Intelligent Burn In System (IBIS)","BE","Singapore, Kallang Way","cDtC_BE","2025-06-09T10:00:00+05:30","2028-01-12T11:00:00+05:30","Production: Procedure","Production Document","","","English","A5D00009702"
"OJTI for AMHS Workflow Instructions at Burn-In. (Skill Level 2)(TWI)","Z8F46859894","E.5","aznin","Production","Automation (AUT), Intelligent Burn In System (IBIS)","BE","Singapore, Kallang Way","cDtC_BE","2024-06-04T10:00:00+05:30","2028-06-04T10:00:00+05:30","Production: Procedure","Production Document","","","English","A5D00001883"
"OJTI for Line Maintenance for OHT Stocker (Skill Level 4)(TWI)","Z8F80874859","A.2","taibenwe","Production","Automation (AUT)","BE","Singapore, Kallang Way","cDtC_BE","2025-12-09T09:01:25+05:30","2027-12-09T09:01:25+05:30","Production: Procedure","Production Document","Hew Pow Teck (BE QM MP SIN QE QT), Huang Niam Cheong (BE FM SIN ESH), Yau Liv (BE SIN OP P FT O)","Foo Say Wee (BE SIN OP APE AE)","English",""
"OJTI Preventive Maintenance for Lights-Out E-Rack (ERK). (Skill Level 5)(TWI)","Z8F46861566","A.7","linyi","Production","Automation (AUT)","BE","Singapore, Kallang Way","cDtC_BE","2025-07-31T10:00:00+05:30","2028-03-07T11:00:00+05:30","Production: Procedure","Production Document","","","English","A5D00009746"
"OJTI on Operating Procedures for Automated Materials Handling System. (Skill Level 2)(TWI)","Z8F46859889","L.8","behw","Production","Automation (AUT)","BE","Singapore, Kallang Way","cDtC_BE","2025-04-10T10:00:00+05:30","2028-04-11T10:00:00+05:30","Production: Procedure","Production Document","","","English","A5D00001747"
"OJTI on Line Maintenance for Cooling Rack System. (Skill Level 4)(TWI)","Z8F46861309","A.6","behw","Production","Automation (AUT)","BE","Singapore, Kallang Way","cDtC_BE","2024-09-03T10:00:00+05:30","2028-08-04T10:00:00+05:30","Production: Procedure","Production Document","","","English","A5D00009447"
"OJTI for AMHS Workflow Instructions at MSP. (Skill Level 2)(TWI)","Z8F46859895","E.7","seekuoki","Production","Automation (AUT), Packing","BE","Singapore, Kallang Way","cDtC_BE","2024-08-28T10:00:00+05:30","2028-03-03T11:00:00+05:30","Production: Procedure","Production Document","","","English","A5D00001884"
"OJTI for Line Maintenance for Overhead Hoist Transport OHT (Skill Level 4)(TWI)","Z8F80873826","A.6","taibenwe","Production","Automation (AUT)","BE","Singapore, Kallang Way","cDtC_BE","2025-12-19T03:04:25+05:30","2027-12-19T03:04:25+05:30","Production: Procedure","Production Document","Huang Niam Cheong (BE FM SIN ESH), Hew Pow Teck (BE QM MP SIN QE QT), Yau Liv (BE SIN OP P FT O)","Foo Say Wee (BE SIN OP APE AE)","English",""
"OJTI for Operating Procedures for OHT Stocker (Skill Level 2)(TWI)","Z8F80875961","A.3","taibenwe","Production","Automation (AUT)","BE","Singapore, Kallang Way","cDtC_BE","2025-12-09T09:00:54+05:30","2027-12-09T09:00:54+05:30","Production: Procedure","Production Document","Hew Pow Teck (BE QM MP SIN QE QT), Huang Niam Cheong (BE FM SIN ESH), Yau Liv (BE SIN OP P FT O)","Foo Say Wee (BE SIN OP APE AE)","English",""
"OJTI for Line Maintenance for Strapping Unstrapping Module & E-Rack. (Skill Level 4)(TWI)","Z8F46861176","D.5","linyi","Production","Automation (AUT)","BE","Singapore, Kallang Way","cDtC_BE","2025-07-23T10:00:00+05:30","2027-12-06T11:00:00+05:30","Production: Procedure","Production Document","","","English","A5D00009264"
"OJTI for Line Maintenance for Autonomous Mobile Robot (AMR). (Skill Level 4)(TWI)","Z8F46861177","C.5","linyi","Production","Automation (AUT)","BE","Singapore, Kallang Way","cDtC_BE","2025-04-03T10:00:00+05:30","2028-07-08T10:00:00+05:30","Production: Procedure","Production Document","","","English","A5D00009265"
"OJTI for Operating Procedures for Tray Feeder Table. (Skill Level 2)(TWI)","Z8F80945399","A.4","taibenwe","Production","Automation (AUT)","BE","Singapore, Kallang Way","cDtC_BE","2026-06-23T12:48:17+05:30","2028-06-23T12:48:17+05:30","Production: Procedure","Production Document","Hew Pow Teck (BE QM MP SIN QE QT), Ker Derick (BE SIN TM P FT T), Huang Niam Cheong (BE SIN FM ESH)","Foo Say Wee (BE SIN TM AS)","English",""
"OJTI for Line Maintenance for Tray Feeder Table. (Skill Level 4)(TWI)","Z8F80942336","A.3","taibenwe","Production","Automation (AUT)","BE","Singapore, Kallang Way","cDtC_BE","2026-06-24T01:09:21+05:30","2028-06-24T01:09:21+05:30","Production: Procedure","Production Document","Hew Pow Teck (BE QM MP SIN QE QT), Huang Niam Cheong (BE SIN FM ESH), Ker Derick (BE SIN TM P FT T)","Foo Say Wee (BE SIN TM AS)","English",""
"OJTI on Line Maintenance for Strapping Machine. (Skill Level 4)(TWI)","Z8F46859930","F.6","behw","Production","Automation (AUT),Packing","BE","Singapore, Kallang Way","cDtC_BE","2025-02-14T11:00:00+05:30","2028-01-31T11:00:00+05:30","Production: Procedure","Production Document","","","English","A5D00002389"
"OJTI for Point to Point Transportation at MSP Area. (Skill Level 3)(TWI)","Z8F46861513","A.12","seekuoki","Production","Automation (AUT),Packing","BE","Singapore, Kallang Way","cDtC_BE","2025-06-16T10:00:00+05:30","2028-06-30T10:00:00+05:30","Production: Procedure","Production Document","","","English","A5D00009689"
"OJTI on Operating Procedures for Automated Material Storage System. (Skill Level 2)(TWI)","Z8F46861300","B.5","behw","Production","Automation (AUT),Packing","BE","Singapore, Kallang Way","cDtC_BE","2024-10-21T10:00:00+05:30","2028-06-07T10:00:00+05:30","Production: Procedure","Production Document","","","English","A5D00009438"
"OJTI on Operating Procedures for Cooling Rack System. (Skill Level 2)(TWI)","Z8F46861273","A.5","behw","Production","Automation (AUT),Packing","BE","Singapore, Kallang Way","cDtC_BE","2024-08-29T10:00:00+05:30","2027-10-22T10:00:00+05:30","Production: Procedure","Production Document","","","English","A5D00009410"
"OJTI for AMHS Workflow Instructions at Final Test. (Skill Level 2)(TWI)","Z8F46859893","E.5","seekuoki","Production","Automation (AUT),Testing","BE","Singapore, Kallang Way","cDtC_BE","2024-10-01T10:00:00+05:30","2028-08-10T10:00:00+05:30","Production: Procedure","Production Document","","","English","A5D00001882"
"OJTI for IBIS Work Flow. (Skill Level 2)(TWI)","Z8F46860106","R.5","aznin","Production","Burn-In,n/a","BE","Singapore, Kallang Way","cDtC_BE","2025-10-27T05:19:15+05:30","2027-10-27T05:19:15+05:30","Production: Procedure","Production Document","Arandia Mark Davis (BE QM MP SIN QE)","Huang Niam Cheong (BE FM SIN ESH),Mohammad Pervez So Mohommad Haron (BE SIN OP E BI),Sim Lee Wee (BE SIN OP P),Myint Tun Linn (BE SIN OP APE UP)","English","A5D00004202"
"OJTI for Calibration of Profile Projector (Skill Level 3)","Z8F46861702","F.1","limsuew","Production","Calibration (CAL)","BE","Singapore, Kallang Way","cDtC_BE","2025-07-23T10:00:00+05:30","2028-03-11T11:00:00+05:30","Production: Procedure","Production Document","","","English","A5D00050820"
"OJTI for Calibration of Caliper and Digimatic Indicator. (Skill Level 3)","Z8F46861698","G.1","limsuew","Production","Calibration (CAL)","BE","Singapore, Kallang Way","cDtC_BE","2025-07-24T10:00:00+05:30","2027-09-30T10:00:00+05:30","Production: Procedure","Production Document","","","English","A5D00050812"
"OJTI for Calibration of Dead Weights. (Skill Level 3)","Z8F46861704","F.4","limsuew","Quality Management","Calibration (CAL)","BE","Singapore, Kallang Way","cDtC_BE","2025-10-10T03:17:57+05:30","2027-10-10T03:18:00+05:30","Production: Procedure","Production Document","Huang Niam Cheong (BE FM SIN ESH)","Tan Choong Kwang Roger (BE QM MP SIN QMS)","English","A5D00050824"
"OJTI for Calibration of Mettler Analytical Balance.(Skill Level 3)","Z8F46861703","F.4","limsuew","Quality Management","Calibration (CAL)","BE","Singapore, Kallang Way","cDtC_BE","2025-10-10T03:19:32+05:30","2027-10-10T03:19:35+05:30","Production: Procedure","Production Document","Huang Niam Cheong (BE FM SIN ESH)","Tan Choong Kwang Roger (BE QM MP SIN QMS)","English","A5D00050823"
"OJTI for Calibration of Weighing Machine. (Skill Level 3)","Z8F46861700","F.2","limsuew","Production","Calibration (CAL)","BE","Singapore, Kallang Way","cDtC_BE","2025-07-16T10:00:00+05:30","2028-03-20T11:00:00+05:30","Production: Procedure","Production Document","","","English","A5D00050817"
"OJTI for Calibration of Micrometer.(Skill Level 3)","Z8F46861699","F.2","limsuew","Production","Calibration (CAL)","BE","Singapore, Kallang Way","cDtC_BE","2025-02-28T11:00:00+05:30","2028-03-17T11:00:00+05:30","Production: Procedure","Production Document","","","English","A5D00050816"
"OJTI for Calibration of Dimension Gauges. (Skill Level 3)","Z8F46861701","F.1","limsuew","Production","Calibration (CAL)","BE","Singapore, Kallang Way","cDtC_BE","2024-10-08T10:00:00+05:30","2028-01-08T11:00:00+05:30","Production: Procedure","Production Document","","","English","A5D00050818"
"OJTI for Calibration of Pure Water Tester, PH Tester & Salinity Tester. (Skill Level 3)","Z8F46859875","E.2","limsuew","Quality Management","Calibration (CAL)","BE","Singapore, Kallang Way","cDtC_BE","2025-10-14T02:20:36+05:30","2027-10-14T02:20:36+05:30","Production: Procedure","Production Document","Huang Niam Cheong (BE FM SIN ESH)","Tan Choong Kwang Roger (BE QM MP SIN QMS)","English","A5D00001658"
"OJTI for Calibration Procedure in SAP. (Skill Level 3)","Z8F46860791","C.8","wongvoonchin","Production","Calibration (CAL)","BE","Singapore, Kallang Way","cDtC_BE","2026-07-10T10:00:45+05:30","2028-07-10T10:00:45+05:30","Production: Procedure","Production Document","Ng Yu Ning Eileen (BE QM MP SIN QMS)","Tan Choong Kwang Roger (BE QM MP SIN QMS)","English","A5D00007963"
"OJTI for Baking of All Packages in Tape/Tube/Tray. (Skill Level 2)(TWI)","Z8F46861663","U.4","mohdsyafiq","Production","Curing / Baking","BE","Singapore, Kallang Way","cDtC_BE","2026-01-08T07:31:26+05:30","2028-01-08T07:31:26+05:30","Production: Procedure","Production Document","Hew Pow Teck (BE QM MP SIN QE QT), Wong Chee Peng (BE SIN OP APE)","Mohd Tahar Yusof (BE SIN OP P BI)","English","A5D00050638"
"OJTI for FA Process Gas System (Skill Level 2)(TWI)","Z8F46861232","A.2","limwe","Production","Failure Analysis (FA)","BE","Singapore, Kallang Way","eQM_Failure_Analysis","2024-07-10T10:00:00+05:30","2028-07-10T10:00:00+05:30","Quality Management: Procedure","Quality Management Document","","","English","A5D00009366"
"OJTI for FA Waste Management System (Skill Level 2)(TWI)","Z8F46861171","B.2","limwe","Production","Failure Analysis (FA)","BE","Singapore, Kallang Way","eQM_Failure_Analysis","2024-07-10T10:00:00+05:30","2028-07-10T10:00:00+05:30","Quality Management: Procedure","Quality Management Document","","","English","A5D00009236"
"OJTI for DAGE 4000 Series Pull Shear Tester.(Skill Level 2)(TWI)","Z8F46861452","B.2","chiay","Production","Failure Analysis (FA)","BE","Singapore, Kallang Way","eQM_Failure_Analysis","2025-07-30T10:00:00+05:30","2028-01-04T11:00:00+05:30","Quality Management: Procedure","Quality Management Document","","","English","A5D00009618"
"OJTI for Dage Series 4000. (Skill Level 2)(TWI)","Z8F46860923","B.2","chiay","Production","Failure Analysis (FA)","BE","Singapore, Kallang Way","eQM_Failure_Analysis","2025-07-26T10:00:00+05:30","2028-06-25T10:00:00+05:30","Quality Management: Procedure","Quality Management Document","","","English","A5D00008501"
"OJTI for Leica M125 Stereoscopic Scope.(Skill Level 2)(TWI)","Z8F46860901","C.2","bongwuanliis","Production","Failure Analysis (FA)","BE","Singapore, Kallang Way","eQM_Failure_Analysis","2024-09-25T10:00:00+05:30","2028-04-14T10:00:00+05:30","Quality Management: Procedure","Quality Management Document","","","English","A5D00008449"
"OJTI for Low Power Optical Scopes used for Inspection only.(Skill Level 2)(TWI)","Z8F46860891","C.2","bongwuanliis","Production","Failure Analysis (FA)","BE","Singapore, Kallang Way","eQM_Failure_Analysis","2023-09-22T10:00:00+05:30","2027-09-22T10:00:00+05:30","Quality Management: Procedure","Quality Management Document","","","English","A5D00008433"
"OJTI for R3T Plasma System (Skill Level 2)(TWI)","Z8F46860913","D.2","limwe","Production","Failure Analysis (FA)","BE","Singapore, Kallang Way","eQM_Failure_Analysis","2024-10-18T10:00:00+05:30","2028-08-08T10:00:00+05:30","Quality Management: Procedure","Quality Management Document","","","English","A5D00008482"
"OJTI for Phoenix X-ray Nanomex 180 2D Inspection Only. (Skill Level 2)(TWI)","Z8F46860895","G.2","dan","Production","Failure Analysis (FA)","BE","Singapore, Kallang Way","eQM_Failure_Analysis","2025-04-02T10:00:00+05:30","2028-05-23T10:00:00+05:30","Quality Management: Procedure","Quality Management Document","","","English","A5D00008442"
"OJTI for Sputter Coater (Emitech K550X) (Skill Level 2)(TWI)","Z8F46860912","B.2","limwe","Production","Failure Analysis (FA)","BE","Singapore, Kallang Way","eQM_Failure_Analysis","2023-09-25T10:00:00+05:30","2027-09-25T10:00:00+05:30","Quality Management: Procedure","Quality Management Document","","","English","A5D00008481"
"OJTI for Hitachi SEM S3400N (Skill Level 2)(TWI)","Z8F46860897","B.2","dan","Production","Failure Analysis (FA)","BE","Singapore, Kallang Way","eQM_Failure_Analysis","2023-08-31T10:00:00+05:30","2027-08-31T10:00:00+05:30","Quality Management: Procedure","Quality Management Document","","","English","A5D00008444"
"OJTI for Wire Saw STX-202A.(Skill level 2)(TWI)","Z8F46860885","B.3","gohhu","Production","Failure Analysis (FA)","BE","Singapore, Kallang Way","eQM_Failure_Analysis","2023-08-23T10:00:00+05:30","2027-08-23T10:00:00+05:30","Quality Management: Procedure","Quality Management Document","","","English","A5D00008414"
"OJTI for Well Precision Wire Saw. (Skill Level 2) (TWI)","Z8F46860886","B.4","gohhu","Production","Failure Analysis (FA)","BE","Singapore, Kallang Way","eQM_Failure_Analysis","2023-09-04T10:00:00+05:30","2027-09-04T10:00:00+05:30","Quality Management: Procedure","Quality Management Document","","","English","A5D00008418"
"OJTI for High Power Optical Scopes used for Inspection only.(Skill Level 2)(TWI)","Z8F46860890","C.2","bongwuanliis","Production","Failure Analysis (FA)","BE","Singapore, Kallang Way","eQM_Failure_Analysis","2023-09-21T10:00:00+05:30","2027-09-21T10:00:00+05:30","Quality Management: Procedure","Quality Management Document","","","English","A5D00008432"
"OJTI for Agilent B1505A Power Device Analyzer/Curve Tracer.(Skill Level 2)(TWI)","Z8F46860854","D.2","zaidiaf","Production","Failure Analysis (FA)","BE","Singapore, Kallang Way","eQM_Failure_Analysis","2025-01-15T11:00:00+05:30","2027-10-25T10:00:00+05:30","Quality Management: Procedure","Quality Management Document","","","English","A5D00008302"
"OJTI for De-processing on Bond Pad Layer by Layer by using Wet Chemistry. (Skill Level 2)(TWI)","Z8F46860933","B.3","delacrug","Production","Failure Analysis (FA)","BE","Singapore, Kallang Way","eQM_Failure_Analysis","2023-10-16T10:00:00+05:30","2027-10-16T10:00:00+05:30","Quality Management: Procedure","Quality Management Document","","","English","A5D00008526"
"OJTI for Flat Milling (Ion Polishing) Using Hitachi Arblade-5000(Skill Level 2)(TWI).","Z8F46861065","A.3","chiay","Production","Failure Analysis (FA)","BE","Singapore, Kallang Way","eQM_Failure_Analysis","2023-05-10T10:00:00+05:30","2027-05-10T10:00:00+05:30","Quality Management: Procedure","Quality Management Document","","","English","A5D00008917"
"OJTI for Inspection Using Axiotron Microscope. (Skill Level 2)(TWI)","Z8F46861105","B.2","chiay","Production","Failure Analysis (FA)","BE","Singapore, Kallang Way","eQM_Failure_Analysis","2025-07-26T10:00:00+05:30","2027-10-01T10:00:00+05:30","Quality Management: Procedure","Quality Management Document","","","English","A5D00008999"
"OJTI for CT100 System used for Silicon remaining Thickness Measurement for Backside Grinding only.(Skill Level 2)(TWI)","Z8F46860899","C.3","gohjiayi","Failure Analysis","Failure Analysis (FA)","FE","Singapore, Kallang Way","eQM_Failure_Analysis","2026-03-17T02:19:34+05:30","2028-03-17T02:19:34+05:30","Quality Management: Procedure","Quality Management Document","Huang Niam Cheong (BE FM SIN ESH)","Yeo Pei Ling (FE CF QM FA BEA SIN 1)","English","A5D00008446"
"OJTI for Carl Zeiss GeminiSEM 360 (Skill Level 2)(TWI)","Z8F46860996","C.3","limwe","Failure Analysis","Failure Analysis (FA)","FE","Singapore, Kallang Way","eQM_Failure_Analysis","2026-05-25T03:24:58+05:30","2028-05-25T03:24:58+05:30","Quality Management: Procedure","Quality Management Document","Huang Niam Cheong (BE SIN FM ESH)","Yeo Pei Ling (FE CF QM FA BEA SIN 1)","English","A5D00008758"
"OJTI for Laser decapper PL201-20 (Skill Level 2)(TWI)","Z8F46861267","B.3","gohjiayi","Failure Analysis","Failure Analysis (FA)","FE CF","Singapore, Kallang Way","eQM_Failure_Analysis","2026-06-26T01:12:06+05:30","2028-06-26T01:12:06+05:30","Quality Management: Procedure","Quality Management Document","Huang Niam Cheong (BE SIN FM ESH)","Yeo Pei Ling (FE CF QM FA BEA SIN 1)","English","A5D00009402"
"OJTI for Laser Decapper PL101i. (Skill Level 2)(TWI)","Z8F46860908","D.4","gohjiayi","Failure Analysis","Failure Analysis (FA)","FE CF","Singapore, Kallang Way","eQM_Failure_Analysis","2026-06-26T02:53:09+05:30","2028-06-26T02:53:09+05:30","Quality Management: Procedure","Quality Management Document","Huang Niam Cheong (BE SIN FM ESH)","Yeo Pei Ling (FE CF QM FA BEA SIN 1)","English","A5D00008474"
"OJTI for Nikon Measuring Scope MM-800 (Skill Level 2)(TWI)","Z8F46861326","B.2","chiay","Production","Failure Analysis (FA)","BE","Singapore, Kallang Way","eQM_Failure_Analysis","2025-07-26T10:00:00+05:30","2027-10-24T10:00:00+05:30","Quality Management: Procedure","Quality Management Document","","","English","A5D00009472"
"OJTI for Leica DM4M Optical Scope.(Skill Level 2)(TWI)","Z8F46861334","A.2","bongwuanliis","Production","Failure Analysis (FA)","BE","Singapore, Kallang Way","eQM_Failure_Analysis","2024-11-01T11:00:00+05:30","2028-05-16T10:00:00+05:30","Quality Management: Procedure","Quality Management Document","","","English","A5D00009480"
"OJTI for Leica DMRME Optical Scope","Z8F46860916","B.2","bongwuanliis","Production","Failure Analysis (FA)","BE","Singapore, Kallang Way","eQM_Failure_Analysis","2023-09-25T10:00:00+05:30","2027-09-25T10:00:00+05:30","Quality Management: Procedure","Quality Management Document","","","English","A5D00008488"
"OJTI for Allied MultiPrep Precision Polisher used for Parallel Lapping. (Skill Level 2)(TWI)","Z8F46860927","C.2","lings","Production","Failure Analysis (FA)","BE","Singapore, Kallang Way","eQM_Failure_Analysis","2023-10-16T10:00:00+05:30","2027-10-16T10:00:00+05:30","Quality Management: Procedure","Quality Management Document","","","English","A5D00008510"
"OJTI for Nikon Eclipse L200N IR Optical Scope.(Skill Level 2)(TWI)","Z8F46860917","C.8","bongwuanliis","Production","Failure Analysis (FA)","BE","Singapore, Kallang Way","eQM_Failure_Analysis","2024-08-05T10:00:00+05:30","2028-06-06T10:00:00+05:30","Quality Management: Procedure","Quality Management Document","","","English","A5D00008489"
"OJTI For Operating Tegramin-25 For Auto Cross Section. (Skill Level 2)(TWI)","Z8F46860894","B.2","gohhu","Production","Failure Analysis (FA)","BE","Singapore, Kallang Way","eQM_Failure_Analysis","2023-09-04T10:00:00+05:30","2027-09-04T10:00:00+05:30","Quality Management: Procedure","Quality Management Document","","","English","A5D00008436"
"OJTI for Hitachi FESEM S-4800 (Skill Level 2)(TWI)","Z8F46860896","B.2","dan","Production","Failure Analysis (FA)","BE","Singapore, Kallang Way","eQM_Failure_Analysis","2023-08-31T10:00:00+05:30","2027-08-31T10:00:00+05:30","Quality Management: Procedure","Quality Management Document","","","English","A5D00008443"
"OJTI for Jiaco-Microwave Induced Plasma (MIP). (Skill Level 2)(TWI)","Z8F46860902","C.2","yangju","Production","Failure Analysis (FA)","BE","Singapore, Kallang Way","eQM_Failure_Analysis","2025-07-31T10:00:00+05:30","2028-04-09T10:00:00+05:30","Quality Management: Procedure","Quality Management Document","","","English","A5D00008452"
"OJTI for Soldering and Desoldering Procedure. (Skill Level 2)(TWI)","Z8F46860906","D.2","sacbayan","Production","Failure Analysis (FA)","BE","Singapore, Kallang Way","eQM_Failure_Analysis","2024-06-04T10:00:00+05:30","2028-06-04T10:00:00+05:30","Quality Management: Procedure","Quality Management Document","","","English","A5D00008464"
"OJTI for Field Emission Scanning Electron Microscope SU8010 (Skill Level 2) (TWI)","Z8F46860911","B.2","limwe","Production","Failure Analysis (FA)","BE","Singapore, Kallang Way","eQM_Failure_Analysis","2023-09-28T10:00:00+05:30","2027-09-28T10:00:00+05:30","Quality Management: Procedure","Quality Management Document","","","English","A5D00008480"
"OJTI for Lock-in Infrared Thermography.(Skill Level 2)(TWI)","Z8F46860884","C.2","ngcheekh","Production","Failure Analysis (FA)","BE","Singapore, Kallang Way","eQM_Failure_Analysis","2024-05-06T10:00:00+05:30","2028-05-06T10:00:00+05:30","Quality Management: Procedure","Quality Management Document","","","English","A5D00008410"
"OJTI for Plastic Mold Decapsulation by Manual Etching (Skill Leve2)(TWI)","Z8F46860887","G.2","delacrug","Production","Failure Analysis (FA)","BE","Singapore, Kallang Way","eQM_Failure_Analysis","2024-09-20T10:00:00+05:30","2027-08-29T10:00:00+05:30","Quality Management: Procedure","Quality Management Document","","","English","A5D00008421"
"OJTI for Operating Gatan PECS1. (Skill Level 2)(TWI)","Z8F46860904","B.4","chiay","Production","Failure Analysis (FA)","BE","Singapore, Kallang Way","eQM_Failure_Analysis","2023-01-06T11:00:00+05:30","2027-01-06T11:00:00+05:30","Quality Management: Procedure","Quality Management Document","","","English","A5D00008459"
"OJTI for Nikon SMZ1500 Stereoscopic scope.(Skill Level 2)(TWI)","Z8F46860893","C.2","bongwuanliis","Production","Failure Analysis (FA)","BE","Singapore, Kallang Way","eQM_Failure_Analysis","2023-09-22T10:00:00+05:30","2027-09-22T10:00:00+05:30","Quality Management: Procedure","Quality Management Document","","","English","A5D00008435"
"OJTI for Kaiser Imaging System.(Skill Level 2)(TWI)","Z8F46860882","B.2","bongwuanliis","Production","Failure Analysis (FA)","BE","Singapore, Kallang Way","eQM_Failure_Analysis","2023-09-21T10:00:00+05:30","2027-09-21T10:00:00+05:30","Quality Management: Procedure","Quality Management Document","","","English","A5D00008392"
"OJTI for Yxlon Cougar X-ray Machine. (Skill Level 2)(TWI)","Z8F46860907","J.2","ramaya","Production","Failure Analysis (FA)","BE","Singapore, Kallang Way","eQM_Failure_Analysis","2025-08-22T10:00:00+05:30","2028-05-04T10:00:00+05:30","Quality Management: Procedure","Quality Management Document","","","English","A5D00008472"
"T32_Cyberscan_CT100_Cybertechnologies","Z8F80196878","B.5","gohjiayi","Failure Analysis","Failure Analysis (FA)","FE CF","Singapore, Kallang Way","eQM_Failure_Analysis","2026-06-02T00:54:57+05:30","","Quality Management: Request","Quality Management Document","Huang Niam Cheong (BE SIN FM ESH)","Yeo Pei Ling (FE CF QM FA BEA SIN 1)","English",""
"OJTI for DAGE 4000 Optima Pull Shear Tester. (Skill Level 2)(TWI)","Z8F46860905","D.5","ongs","Failure Analysis","Failure Analysis (FA)","FE","Singapore, Kallang Way","eQM_Failure_Analysis","2026-06-09T00:27:46+05:30","2028-06-09T00:27:46+05:30","Quality Management: Procedure","Quality Management Document","Yeo Pei Ling (FE CF QM FA BEA SIN 1)","Yeo Pei Ling (FE CF QM FA BEA SIN 1)","English","A5D00008462"
"OJTI for Sonoscan Gen 5, Gen 6 and D9000 (Skill Level 2)(TWI)","Z8F46860892","F.4","bongwuanliis","Failure Analysis","Failure Analysis (FA)","FE","Singapore, Kallang Way","eQM_Failure_Analysis","2026-06-22T00:31:27+05:30","2028-06-22T00:31:27+05:30","Quality Management: Procedure","Quality Management Document","Huang Niam Cheong (BE SIN FM ESH), Yeo Pei Ling (FE CF QM FA BEA SIN 1)","Yeo Pei Ling (FE CF QM FA BEA SIN 1)","English","A5D00008434"
"OJTI for Cross Section. (Skill Level 2)(TWI)","Z8F46860900","C.5","gohhu","Failure Analysis","Failure Analysis (FA)","FE","Singapore, Kallang Way","eQM_Failure_Analysis","2026-06-15T00:13:50+05:30","2028-06-15T00:13:50+05:30","Quality Management: Procedure","Quality Management Document","Huang Niam Cheong (BE SIN FM ESH)","Yeo Pei Ling (FE CF QM FA BEA SIN 1)","English","A5D00008447"
"OJTI for RTI MultiTrace Curve Tracer. (Skill Level 2)(TWI)","Z8F46860856","D.4","hamdamuhamma","Failure Analysis","Failure Analysis (FA)","FE","Singapore, Kallang Way","eQM_Failure_Analysis","2026-06-23T09:25:19+05:30","2028-06-23T09:25:19+05:30","Quality Management: Procedure","Quality Management Document","Huang Niam Cheong (BE SIN FM ESH)","Teh Tict Eng (FE CF QM FA BEA SIN 2)","English","A5D00008307"
"OJTI for QA Submission of Reel, Bag & Box After Taping, Dry Packing and QA Final Clearance. (Skill Level 2)(TWI)","Z8F46861679","AJ.8","book","Production","Packing, Final Clearance","BE","Singapore, Kallang Way","cDtC_BE","2026-07-17T08:58:34+05:30","2028-07-17T08:58:35+05:30","Production: Procedure","Production Document","Goh Teing Tieng (BE QM MP SIN QE), Huang Niam Cheong (BE SIN FM ESH)","Myint Tun Linn (BE SIN TE UP)","English","A5D00050682"
"OJTI for Dip and Look Solderability Test (Skill Level 3)(TWI)","Z8F46860296","C.7","gohteing","Quality Management","Incoming Inspection","BE","Singapore, Kallang Way","cDtC_BE","2021-10-12T10:00:00+05:30","2027-09-15T07:15:16+05:30","Production: Procedure","Production Document","","","English","A5D00005757"
"OJTI for Operating the Steam Ager. (Skill Level 3)","Z8F46860356","C.5","gohteing","Quality Management","Incoming Inspection","BE","Singapore, Kallang Way","cDtC_BE","2026-07-02T01:05:16+05:30","2028-07-02T01:05:16+05:30","Production: Procedure","Production Document","Hew Pow Teck (BE QM MP SIN QE QT)","Wong Fook San (BE QM MP SIN QE)","English","A5D00006089"
"OJTI for Incoming Inspection of Integrated Circuits. (Skill Level 3)(TWI)","Z8F46859904","H.4","gohteing","Quality Management","Incoming Inspection","BE","Singapore, Kallang Way","cDtC_BE","2024-05-17T10:00:00+05:30","2028-05-17T10:00:00+05:30","Production: Procedure","Production Document","","","English","A5D00001945"
"OJTI for Preventive Maintenance on Steam ager (Skill Level 5)","Z8F46860684","B.4","gohteing","Quality Management","Incoming Inspection","BE","Singapore, Kallang Way","cDtC_BE","2024-11-12T11:00:00+05:30","2028-06-03T10:00:00+05:30","Production: Procedure","Production Document","","","English","A5D00007424"
"OJTI for Working Procedure for Yamato DH411 Oven (Skill Level 3)","Z8F46861016","B.5","gohteing","Quality Management","Incoming Inspection","BE","Singapore, Kallang Way","cDtC_BE","2024-07-02T10:00:00+05:30","2028-07-02T10:00:00+05:30","Production: Procedure","Production Document","","","English","A5D00008804"
"OJTI for Calibration of Steam Ager. (Skill Level 3)","Z8F46860680","B.4","gohteing","Quality Management","Incoming Inspection","BE","Singapore, Kallang Way","cDtC_BE","2024-12-16T11:00:00+05:30","2028-06-04T10:00:00+05:30","Production: Procedure","Production Document","","","English","A5D00007379"
"OJTI for Preventive Maintenance and Calibration on Solder Pots. (Skill Level 5)","Z8F46860656","B.6","gohteing","Quality Management","Incoming Inspection","BE","Singapore, Kallang Way","cDtC_BE","2024-09-03T10:00:00+05:30","2028-05-18T10:00:00+05:30","Production: Procedure","Production Document","","","English","A5D00007255"
"OJTI for Setup of M850I Mirae Autoloader. (Skill Level 4)(TWI)","Z8F46859969","E.5","anggheec","Production","Intelligent Burn In System (IBIS)","BE","Singapore, Kallang Way","cDtC_BE","2024-09-30T10:00:00+05:30","2027-12-30T11:00:00+05:30","Production: Procedure","Production Document","","","English","A5D00003093"
"OJTI for Line Maintenance of M850I Burn-in Loader/Sorter. (Skill Level 4)(TWI)","Z8F46860000","E.5","anggheec","Production","Intelligent Burn In System (IBIS)","BE","Singapore, Kallang Way","cDtC_BE","2024-09-27T10:00:00+05:30","2028-05-02T10:00:00+05:30","Production: Procedure","Production Document","","","English","A5D00003412"
"OJTI for Preventive Maintenance of IBIS Gen2 Oven. (Skill Level 5)","Z8F46861684","H.4","picartre","Production","Intelligent Burn In System (IBIS)","BE","Singapore, Kallang Way","cDtC_BE","2022-10-11T10:00:00+05:30","2026-10-11T10:00:00+05:30","Production: Procedure","Production Document","","","English","A5D00050728"
"OJTI for IBIS Tray Devices on Complete Test & Burn-in Lot Reject Handling Procedure. (Skill Level 2)(TWI)","Z8F46859970","E.5","aznin","Production","Intelligent Burn In System (IBIS)","BE","Singapore, Kallang Way","cDtC_BE","2024-09-23T10:00:00+05:30","2028-02-16T11:00:00+05:30","Production: Procedure","Production Document","","","English","A5D00003096"
"OJTI for Setup of MGT (MB8I) Mirae Autoloader. (Skill Level 4)(TWI)","Z8F46860382","D.5","anggheec","Production","Intelligent Burn In System (IBIS)","BE","Singapore, Kallang Way","cDtC_BE","2024-09-23T10:00:00+05:30","2028-02-19T11:00:00+05:30","Production: Procedure","Production Document","","","English","A5D00006211"
"OJTI for Preventive Maintenance of IBIS Gen 3 Oven. (Skill Level 5)(TWI)","Z8F46860429","C.4","picartre","Production","Intelligent Burn In System (IBIS)","BE","Singapore, Kallang Way","cDtC_BE","2022-11-24T11:00:00+05:30","2026-11-24T11:00:00+05:30","Production: Procedure","Production Document","","","English","A5D00006422"
"OJTI for Basic Operation of IBIS Gen 3 Oven. (Skill level 2)(TWI)","Z8F46860259","C.4","picartre","Production","Intelligent Burn In System (IBIS)","BE","Singapore, Kallang Way","cDtC_BE","2024-08-05T10:00:00+05:30","2028-01-03T11:00:00+05:30","Production: Procedure","Production Document","","","English","A5D00005544"
"OJTI for Line Maintenance of IBIS Gen 3 Oven. (Skill Level 4)(TWI)","Z8F46860269","D.5","picartre","Production","Intelligent Burn In System (IBIS)","BE","Singapore, Kallang Way","cDtC_BE","2024-10-02T10:00:00+05:30","2027-12-04T11:00:00+05:30","Production: Procedure","Production Document","","","English","A5D00005572"
"OJTI for Preventive Maintenance of Mirae M850I Burn-in Loader/Sorter. (Skill Level 5)","Z8F46859978","H.5","anggheec","Production","Intelligent Burn In System (IBIS)","BE","Singapore, Kallang Way","cDtC_BE","2024-10-02T10:00:00+05:30","2027-09-22T10:00:00+05:30","Production: Procedure","Production Document","","","English","A5D00003220"
"OJTI AM for M850I Mirae Autoloader. (Skill Level 4)(TWI)","Z8F46860169","D.5","anggheec","Production","Intelligent Burn In System (IBIS)","BE","Singapore, Kallang Way","cDtC_BE","2024-10-02T10:00:00+05:30","2028-02-24T11:00:00+05:30","Production: Procedure","Production Document","","","English","A5D00004668"
"OJTI for Preventive Maintenance of IBIS Gen 32 Oven. (Skill Level 5)","Z8F46860803","C.4","picartre","Production","Intelligent Burn In System (IBIS)","BE","Singapore, Kallang Way","cDtC_BE","2023-08-22T10:00:00+05:30","2027-08-22T10:00:00+05:30","Production: Procedure","Production Document","","","English","A5D00007995"
"OJTI for Line Maintenance of MB8i Burn-in Loader/Sorter. (Skill Level 4)(TWI)","Z8F46860505","C.6","anggheec","Production","Intelligent Burn In System (IBIS)","BE","Singapore, Kallang Way","cDtC_BE","2024-10-04T10:00:00+05:30","2027-10-24T10:00:00+05:30","Production: Procedure","Production Document","","","English","A5D00006670"
"OJTI for Preventive Maintenance of IBIS Burn In Board. (Skill Level 5)","Z8F46861685","N.4","fabros","Production","Intelligent Burn In System (IBIS)","BE","Singapore, Kallang Way","cDtC_BE","2024-10-24T10:00:00+05:30","2028-07-10T10:00:00+05:30","Production: Procedure","Production Document","","","English","A5D00050729"
"OJTI for Feed-through Card (FTC) Maintenance (Skill Level 4)(TWI)","Z8F46861143","A.8","fabros","Production","Intelligent Burn In System (IBIS)","BE","Singapore, Kallang Way","cDtC_BE","2023-12-21T11:00:00+05:30","2027-12-21T11:00:00+05:30","Production: Procedure","Production Document","","","English","A5D00009128"
"OJTI for Burn-In Board Trolley Handling. (Skill Level 2)(TWI)","Z8F46859874","H.5","fabros","Production","Intelligent Burn In System (IBIS)","BE","Singapore, Kallang Way","cDtC_BE","2025-04-25T10:00:00+05:30","2027-10-15T10:00:00+05:30","Production: Procedure","Production Document","","","English","A5D00001654"
"OJTI for Line Maintenance of IBIS Oven.(Skill Level 4)(TWI)","Z8F46861641","E.4","picartre","Production","Intelligent Burn In System (IBIS)","BE","Singapore, Kallang Way","cDtC_BE","2023-10-24T10:00:00+05:30","2027-10-24T10:00:00+05:30","Production: Procedure","Production Document","","","English","A5D00050532"
"OJTI for Setup of IBIS Oven.(Skill Level 4)(TWI)","Z8F46861712","F.5","picartre","Production","Intelligent Burn In System (IBIS)","BE","Singapore, Kallang Way","cDtC_BE","2026-01-05T01:04:15+05:30","2028-01-05T01:04:15+05:30","Production: Procedure","Production Document","Arandia Mark Davis (BE QM MP SIN QE), Ker Derick (BE SIN OP P FT T), Huang Niam Cheong (BE FM SIN ESH)","Mohammad Pervez So Mohommad Haron (BE SIN OP E BM)","English","A5D00050899"
"OJTI for Gen 3 IBIS Process. (Skill Level 3)(TWI)","Z8F46860272","U.4","aznin","Production","Intelligent Burn In System (IBIS)","BE","Singapore, Kallang Way","cDtC_BE","2026-01-22T09:44:08+05:30","2028-01-22T09:44:08+05:30","Production: Procedure","Production Document","Mohammad Pervez So Mohommad Haron (BE SIN OP E BM), Mohd Tahar Yusof (BE SIN OP P BI)","Huang Niam Cheong (BE FM SIN ESH), Wong Chee Peng (BE SIN OP APE)","English","A5D00005595"
"OJTI for IBIS Equipment Safe Release (ESR). (Skill Level 3)(TWI)","Z8F46860675","D.4","aznin","Production","Intelligent Burn In System (IBIS)","BE","Singapore, Kallang Way","cDtC_BE","2024-09-23T10:00:00+05:30","2028-02-22T11:00:00+05:30","Production: Procedure","Production Document","","","English","A5D00007363"
"OJTI for NICA Preventive Maintenance Checklist Execution. (Skill Level 5)(TWI)","Z8F46860862","B.4","aznin","Production","Packing, Intelligent Burn In System (IBIS), Testing","BE","Singapore, Kallang Way","cDtC_BE","2026-04-08T07:28:10+05:30","2028-04-08T07:28:10+05:30","Production: Procedure","Production Document","Xie Bo (BE SIN OP E TH)","Mohammad Pervez So Mohommad Haron (BE SIN OP E BM), Ngu Linus (BE SIN OP E T)","English","A5D00008316"
"OJTI for Line Maintenance for Automated BiBs Storage System (ABSS). (Skill Level 4)(TWI)","Z8F46860240","C.7","limtec","Production","Intelligent Burn In System (IBIS)","BE","Singapore, Kallang Way","cDtC_BE","2022-05-06T10:00:00+05:30","2028-04-15T09:20:43+05:30","Production: Procedure","Production Document","","","English","A5D00005398"
"OJTI for Opcenter Transactions at IBIS Operation. (Skill Level 2)(TWI)","Z8F46859879","N.5","aznin","Production","Intelligent Burn In System (IBIS)","BE","Singapore, Kallang Way","cDtC_BE","2026-04-06T01:36:53+05:30","2028-04-06T01:36:53+05:30","Production: Procedure","Production Document","Mohammad Pervez So Mohommad Haron (BE SIN OP E BM)","Myint Tun Linn (BE SIN OP APE UP), Arandia Mark Davis (BE QM MP SIN QE)","English","A5D00001695"
"OJTI for IBIS BiB Auto Trolley Maintenance (Skill Level4)(TWI)","Z8F46860375","C.4","fabros","Production","Intelligent Burn In System (IBIS)","BE","Singapore, Kallang Way","cDtC_BE","2026-07-21T06:17:59+05:30","2028-07-21T06:17:59+05:30","Production: Procedure","Production Document","Arandia Mark Davis (BE QM MP SIN QE), Huang Niam Cheong (BE SIN FM ESH), Mohd Tahar Yusof (BE SIN TM P BI)","Mohammad Pervez So Mohommad Haron (BE SIN TE BM)","English","A5D00006183"
"OJTI for Basic Operation of M850I Mirae Autoloader. (Skill Level 2)(TWI)","Z8F46859950","E.5","anggheec","Production","Intelligent Burn In System (IBIS)","BE","Singapore, Kallang Way","cDtC_BE","2024-10-01T10:00:00+05:30","2028-02-29T11:00:00+05:30","Production: Procedure","Production Document","","","English","A5D00002826"
"OJTI for Basic Operation of IBIS Oven.(Skill Level 2)(TWI)","Z8F46861657","F.4","picartre","Production","Intelligent Burn In System (IBIS)","BE","Singapore, Kallang Way","cDtC_BE","2024-09-23T10:00:00+05:30","2028-03-20T11:00:00+05:30","Production: Procedure","Production Document","","","English","A5D00050608"
"OJTI for Line Maintenance of IBIS Gen 32 Oven. (Skill Level 4)(TWI)","Z8F46860658","C.5","picartre","Production","Intelligent Burn In System (IBIS)","BE","Singapore, Kallang Way","cDtC_BE","2024-10-04T10:00:00+05:30","2028-03-13T11:00:00+05:30","Production: Procedure","Production Document","","","English","A5D00007268"
"OJTI for Inteligent Burn-in System (IBIS). (Skill Level 3)(TWI)","Z8F46861656","Y.5","aznin","Production","Intelligent Burn In System (IBIS)","BE","Singapore, Kallang Way","cDtC_BE","2025-07-11T10:00:00+05:30","2027-11-02T11:00:00+05:30","Production: Procedure","Production Document","","","English","A5D00050607"
"OJTI for Preventive Maintenance of MGT (MB8I) Mirae Autoloader. (Skill Level 5)","Z8F46860464","C.5","anggheec","Production","Intelligent Burn In System (IBIS)","BE","Singapore, Kallang Way","cDtC_BE","2024-09-23T10:00:00+05:30","2027-09-14T10:00:00+05:30","Production: Procedure","Production Document","","","English","A5D00006545"
"OJTI AM for MGT (MB8I) Mirae Autoloader. (Skill Level 4)(TWI)","Z8F46860386","C.5","anggheec","Production","Intelligent Burn In System (IBIS)","BE","Singapore, Kallang Way","cDtC_BE","2024-10-02T10:00:00+05:30","2028-07-15T10:00:00+05:30","Production: Procedure","Production Document","","","English","A5D00006235"
"OJTI for Opcenter Burn-in Board Management System and IBIS Utilities Updating Procedure. (Skill Level 2)(TWI)","Z8F46860048","D.6","fabros","Production","Intelligent Burn In System (IBIS)","BE","Singapore, Kallang Way","cDtC_BE","2024-10-16T10:00:00+05:30","2028-05-02T10:00:00+05:30","Production: Procedure","Production Document","","","English","A5D00003859"
"OJTI for Basic Operation of IBIS Gen 32 Oven. (Skill Level 2)(TWI)","Z8F46860654","C.5","picartre","Production","Intelligent Burn In System (IBIS)","BE","Singapore, Kallang Way","cDtC_BE","2024-09-03T10:00:00+05:30","2027-12-25T11:00:00+05:30","Production: Procedure","Production Document","","","English","A5D00007249"
"OJTI on Operating Procedures for Automated BiBs Storage System (ABSS). (Skill Level 2)(TWI)","Z8F46860241","C.5","limtec","Production","Intelligent Burn In System (IBIS)","BE","Singapore, Kallang Way","cDtC_BE","2024-10-17T10:00:00+05:30","2027-11-21T11:00:00+05:30","Production: Procedure","Production Document","","","English","A5D00005405"
"Machinery FMEA for Gen2 Burn In-Oven-IBIS","Z8F46861782","R.7","picartre","Production","Intelligent Burn In System (IBIS)","BE","Singapore, Kallang Way","cDtC_BE_FMEA_CP_ProcessFlow","2025-09-30T09:43:16+05:30","2026-09-30T09:43:21+05:30","Production: Specification","Production Document","Lim Sue Wei (BE QM MP SIN QMS), Arandia Mark Davis (BE QM MP SIN QE)","Mohammad Pervez So Mohommad Haron (BE SIN OP E BI)","English","A5D00051279"
"OJTI for Opcenter Transaction at MSP Operation. (Skill Level 2)(TWI)","Z8F46859881","N.4","yun","Production","Optical inspection (OPT), Packing","BE","Singapore, Kallang Way","cDtC_BE","2026-03-18T01:25:12+05:30","2028-03-18T01:25:12+05:30","Production: Procedure","Production Document","Too Jeremy (BE QM MP SIN QE), Mohd Tahar Yusof (BE SIN OP P BI), Myint Tun Linn (BE SIN OP APE UP)","Too Jeremy (BE QM MP SIN QE), Myint Tun Linn (BE SIN OP APE UP)","English","A5D00001697"
"OJTI for Line Maintenance for Digital Packing Line (DPL). (Skill Level 4)(TWI)","Z8F46860433","L.5","behw","Production","Packing","BE","Singapore, Kallang Way","cDtC_BE","2025-03-27T11:00:00+05:30","2028-05-24T10:00:00+05:30","Production: Procedure","Production Document","","","English","A5D00006437"
"OJTI on Operating Procedures for Digital Packing Line (DPL). (Skill Level 2)(TWI)","Z8F46860434","D.5","behw","Production","Packing","BE","Singapore, Kallang Way","cDtC_BE","2023-08-01T10:00:00+05:30","2027-08-01T10:00:00+05:30","Production: Procedure","Production Document","","","English","A5D00006448"
"OJTI on Preventive Maintenance for McDry Cabinet. (Skill Level 5)","Z8F46859924","G.4","thampeng","Production","Packing","BE","Singapore, Kallang Way","cDtC_BE","2024-08-16T10:00:00+05:30","2028-05-11T10:00:00+05:30","Production: Procedure","Production Document","","","English","A5D00002273"
"OJTI on Line Maintenance for Despatch Baking Oven. (Skill Level 4)(TWI)","Z8F46860070","D.4","thampeng","Production","Packing","BE","Singapore, Kallang Way","cDtC_BE","2024-08-20T10:00:00+05:30","2028-04-24T10:00:00+05:30","Production: Procedure","Production Document","","","English","A5D00003979"
"IWI for Track-in Automation at MSP.","Z8F46860214","F.5","laichang","Production","Packing","BE,BE TTI","Singapore, Kallang Way","cDtC_BE","2024-09-20T10:00:00+05:30","2026-09-20T10:00:00+05:30","Production: Procedure","Production Document","","","English","A5D00005234"
"OJTI for Line Maintenance of TTM32 Tube Transfer Machine (Skill Level 4)(TWI)","Z8F46860772","D.4","thampeng","Production","Packing","BE","Singapore, Kallang Way","cDtC_BE","2024-08-30T10:00:00+05:30","2027-09-21T10:00:00+05:30","Production: Procedure","Production Document","","","English","A5D00007884"
"OJTI for Operating Procedure for McDry Cabinet MCU 501SE. (Skill Level 2)(TWI)","Z8F46859923","G.4","thampeng","Production","Packing","BE","Singapore, Kallang Way","cDtC_BE","2025-07-28T10:00:00+05:30","2027-12-07T11:00:00+05:30","Production: Procedure","Production Document","","","English","A5D00002272"
"OJTI for Setup Procedures for KLR Lead Recondition Machine. (Skill Level 4)(TWI)","Z8F46861714","F.5","thampeng","Production","Packing","BE","Singapore, Kallang Way","cDtC_BE","2022-10-26T10:00:00+05:30","2026-10-26T11:00:00+05:30","Production: Procedure","Production Document","","","English","A5D00050903"
"OJTI for MSP Vision Verification. (Skill Level 5)(TWI)","Z8F46860717","B.6","guochang","Production","Packing","BE","Singapore, Kallang Way","cDtC_BE","2024-09-27T10:00:00+05:30","2027-12-05T11:00:00+05:30","Production: Procedure","Production Document","","","English","A5D00007655"
"OJTI for Preventive Maintenance on MVH Tape and Reel Machine. (Skill Level 5)","Z8F46860632","C.4","thampeng","Production","Packing","BE","Singapore, Kallang Way","cDtC_BE","2024-10-28T11:00:00+05:30","2028-04-06T10:00:00+05:30","Production: Procedure","Production Document","","","English","A5D00007183"
"OJTI on Operating Procedures for KLA Machine. (Skill Level 2)(TWI)","Z8F46859961","L.5","guochang","Production","Packing","BE","Singapore, Kallang Way","cDtC_BE","2025-10-30T03:28:26+05:30","2027-10-30T03:28:26+05:30","Production: Procedure","Production Document","Sim Lee Wee (BE SIN OP P),Huang Niam Cheong (BE FM SIN ESH),Too Jeremy (BE QM MP SIN CQE)","Wong Chee Peng (BE SIN OP APE)","English","A5D00002989"
"OJTI for Operating Procedure on Manual Handling in MSP. (Skill Level 2)(TWI)","Z8F46861661","G.5","seekuoki","Production","Packing","BE","Singapore, Kallang Way","cDtC_BE","2025-05-20T10:00:00+05:30","2027-12-29T11:00:00+05:30","Production: Procedure","Production Document","","","English","A5D00050633"
"OJTI on Setup for TTM32 Tube Transfer Machine. (Skill Level 4)(TWI)","Z8F46860238","C.4","thampeng","Production","Packing","BE","Singapore, Kallang Way","cDtC_BE","2024-08-30T10:00:00+05:30","2027-12-02T11:00:00+05:30","Production: Procedure","Production Document","","","English","A5D00005388"
"OJTI AM for ETM Tray Transfer Machine. (Skill Level 4)(TWI)","Z8F46860198","C.4","thampeng","Production","Packing","BE","Singapore, Kallang Way","cDtC_BE","2024-04-18T10:00:00+05:30","2028-04-18T10:00:00+05:30","Production: Procedure","Production Document","","","English","A5D00004955"
"OJTI for Operating Procedures for KLR Lead Recondition Machine. (Skill Level 2)(TWI)","Z8F46860768","B.5","thampeng","Production","Packing","BE","Singapore, Kallang Way","cDtC_BE","2025-07-28T10:00:00+05:30","2027-09-24T10:00:00+05:30","Production: Procedure","Production Document","","","English","A5D00007867"
"OJTI on Line Maintenance for SRM Tape & Reel Machine. (Skill Level 4)(TWI)","Z8F46859898","F.9","thampeng","Production","Packing","BE","Singapore, Kallang Way","cDtC_BE","2024-07-24T10:00:00+05:30","2028-07-24T10:00:00+05:30","Production: Procedure","Production Document","","","English","A5D00001891"
"OJTI on Setup Procedure for ISMECA NY-32 Tape & Reel Machine (Skill Level 4)(TWI)","Z8F46861000","A.11","thampeng","Production","Packing","BE","Singapore, Kallang Way","cDtC_BE","2023-11-10T11:00:00+05:30","2027-11-10T11:00:00+05:30","Production: Procedure","Production Document","","","English","A5D00008774"
"OJTI On Setup Procedures For SRM Tape & Reel Machine. (Skill Level 4)(TWI)","Z8F46859897","K.8","thampeng","Production","Packing","BE","Singapore, Kallang Way","cDtC_BE","2024-10-28T11:00:00+05:30","2027-11-16T11:00:00+05:30","Production: Procedure","Production Document","","","English","A5D00001888"
"OJTI on PM Procedure for ISMECA NY-32 Tape and Reel Machine. (Skill Level 5)","Z8F46860636","K.4","thampeng","Production","Packing","BE","Singapore, Kallang Way","cDtC_BE","2025-06-16T10:00:00+05:30","2028-02-24T11:00:00+05:30","Production: Procedure","Production Document","","","English","A5D00007194"
"OJTI for Preventive Maintenance on KLR FP550 Machine.(Skill Level 5)","Z8F46861690","G.3","thampeng","Production","Packing","BE","Singapore, Kallang Way","cDtC_BE","2026-01-13T04:30:39+05:30","2028-01-13T04:30:39+05:30","Production: Procedure","Production Document","Huang Niam Cheong (BE FM SIN ESH)","Mohammad Pervez So Mohommad Haron (BE SIN OP E BM)","English","A5D00050758"
"OJTI on Setup Procedures For KLA-T640/T680/T790 Machine. (Skill Level 4)(TWI)","Z8F46859989","L.4","guochang","Production","Packing","BE","Singapore, Kallang Way","cDtC_BE","2026-04-30T05:50:28+05:30","2028-04-30T05:50:28+05:30","Production: Procedure","Production Document","Too Jeremy (BE QM MP SIN QE), Mohd Tahar Yusof (BE SIN OP P BI), Huang Niam Cheong (BE SIN FM ESH)","Mohammad Pervez So Mohommad Haron (BE SIN OP E BM)","English","A5D00003325"
"OJTI on Setup Procedure for Strapping Machine.(Skill Level 4)(TWI)","Z8F46861713","G.5","thampeng","Production","Packing","BE","Singapore, Kallang Way","cDtC_BE","2026-05-29T08:20:40+05:30","2028-05-29T08:20:40+05:30","Production: Procedure","Production Document","Huang Niam Cheong (BE SIN FM ESH), Too Jeremy (BE QM MP SIN QE), Phua Elston (BE SIN TM P)","Mohammad Pervez So Mohommad Haron (BE SIN TE BM)","English","A5D00050901"
"OJTI on Operating Procedures for Digital Packing Line Palletization (DPLP)(Skill Level 2)(TWI)","Z8F46861283","D.5","behw","Production","Packing","BE","Singapore, Kallang Way","cDtC_BE","2025-07-16T10:00:00+05:30","2028-07-19T10:00:00+05:30","Production: Procedure","Production Document","","","English","A5D00009420"
"OJTI for Line Maintenance for Digital Packing Line Palletization (DPLP) (Skill Level 4)(TWI)","Z8F46861284","A.4","behw","Production","Packing","BE","Singapore, Kallang Way","cDtC_BE","2024-08-20T10:00:00+05:30","2028-05-30T10:00:00+05:30","Production: Procedure","Production Document","","","English","A5D00009421"
"OJTI Preventive Maintenance for Digital Packing Line (DPL) (Skill Level 5)(TWI)","Z8F46860981","B.5","behw","Production","Packing","BE","Singapore, Kallang Way","cDtC_BE","2024-12-30T11:00:00+05:30","2028-06-19T10:00:00+05:30","Production: Procedure","Production Document","","","English","A5D00008720"
"OJTI for Despatch Baking Oven. (Skill Level 2)(TWI)","Z8F46861655","G.4","thampeng","Production","Packing","BE","Singapore, Kallang Way","cDtC_BE","2024-08-13T10:00:00+05:30","2028-03-06T11:00:00+05:30","Production: Procedure","Production Document","","","English","A5D00050605"
"OJTI On Line Maintenance For KLA Machine. (Skill Level 4)(TWI)","Z8F46860020","R.6","guochang","Production","Packing","BE","Singapore, Kallang Way","cDtC_BE","2025-04-07T10:00:00+05:30","2027-12-10T11:00:00+05:30","Production: Procedure","Production Document","","","English","A5D00003567"
"OJTI on Preventive Maintenance of ETM Tray Transfer Machine. (Skill Level 5)","Z8F46860056","D.4","thampeng","Production","Packing","BE","Singapore, Kallang Way","cDtC_BE","2024-08-20T10:00:00+05:30","2027-11-17T11:00:00+05:30","Production: Procedure","Production Document","","","English","A5D00003923"
"OJTI for Basic Operation of ETM Tray Transfer Machine. (Skill Level 2)(TWI)","Z8F46859953","G.4","thampeng","Production","Packing","BE","Singapore, Kallang Way","cDtC_BE","2024-08-07T10:00:00+05:30","2027-09-10T10:00:00+05:30","Production: Procedure","Production Document","","","English","A5D00002869"
"OJTI AM for TTM32 Tube Transfer Machine. (Skill Level 4)(TWI)","Z8F46860210","D.4","thampeng","Production","Packing","BE","Singapore, Kallang Way","cDtC_BE","2024-08-28T10:00:00+05:30","2028-07-02T10:00:00+05:30","Production: Procedure","Production Document","","","English","A5D00005174"
"OJTI for Basic Operation of TTM32 Tube Transfer Machine. (Skill Level 2)(TWI)","Z8F46860111","D.4","thampeng","Production","Packing","BE","Singapore, Kallang Way","cDtC_BE","2024-08-30T10:00:00+05:30","2027-08-18T10:00:00+05:30","Production: Procedure","Production Document","","","English","A5D00004242"
"OJTI for Line Maintenance of ETM Tray Transfer Machine. (Skill Level 4)(TWI)","Z8F46860004","H.4","thampeng","Production","Packing","BE","Singapore, Kallang Way","cDtC_BE","2024-08-12T10:00:00+05:30","2028-05-13T10:00:00+05:30","Production: Procedure","Production Document","","","English","A5D00003438"
"OJTI PM for Despatch Baking Oven.(Skill Level 5)","Z8F46861683","N.4","thampeng","Production","Packing","BE","Singapore, Kallang Way","cDtC_BE","2024-08-30T10:00:00+05:30","2028-06-24T10:00:00+05:30","Production: Procedure","Production Document","","","English","A5D00050727"
"OJTI for Operating Procedures on MVH Machine. (Skill Level 2)(TWI)","Z8F46860512","C.5","thampeng","Production","Packing","BE","Singapore, Kallang Way","cDtC_BE","2024-10-28T11:00:00+05:30","2028-02-13T11:00:00+05:30","Production: Procedure","Production Document","","","English","A5D00006702"
"OJTI for Operating for Vacuum Sealer. (Skill Level 2)(TWI)","Z8F46861664","J.4","guochang","Production","Packing","BE","Singapore, Kallang Way","cDtC_BE","2025-11-06T00:22:31+05:30","2027-11-06T00:22:32+05:30","Production: Procedure","Production Document","Too Jeremy (BE QM MP SIN QE),Ker Derick (BE SIN OP P FT T),Huang Niam Cheong (BE FM SIN ESH)","Wong Chee Peng (BE SIN OP APE)","English","A5D00050639"
"OJTI PM for Henkovac Sensor Vacuum Machine.(Skill Level 5)","Z8F46861689","G.5","guochang","Production","Packing","BE","Singapore, Kallang Way","cDtC_BE","2022-09-08T10:00:00+05:30","2026-09-08T10:00:00+05:30","Production: Procedure","Production Document","","","English","A5D00050736"
"OJTI on Preventive Maintenance of TTM Tube Transfer Machine. (Skill Level 5)","Z8F46860224","F.4","thampeng","Production","Packing","BE","Singapore, Kallang Way","cDtC_BE","2024-08-28T10:00:00+05:30","2028-07-31T10:00:00+05:30","Production: Procedure","Production Document","","","English","A5D00005282"
"OJTI on Preventive Maintenance for SRM Tape & Reel Machine. (Skill Level 5)","Z8F46859899","U.6","thampeng","Production","Packing","BE","Singapore, Kallang Way","cDtC_BE","2025-06-16T10:00:00+05:30","2028-04-06T10:00:00+05:30","Production: Procedure","Production Document","","","English","A5D00001905"
"OJTI on Operating Procedures for SRM Tape & Reel Machine. (Skill Level 2)(TWI)","Z8F46859884","L.7","thampeng","Production","Packing","BE","Singapore, Kallang Way","cDtC_BE","2024-10-28T11:00:00+05:30","2028-04-12T10:00:00+05:30","Production: Procedure","Production Document","","","English","A5D00001711"
"OJTI for LM for ISMECA NY Tape & Reel Machine. (Skill Level 4)(TWI)","Z8F46860689","B.5","thampeng","Production","Packing","BE","Singapore, Kallang Way","cDtC_BE","2025-04-03T10:00:00+05:30","2028-01-18T11:00:00+05:30","Production: Procedure","Production Document","","","English","A5D00007483"
"OJTI for Preventive Maintenance for Peel Force Tester. (Skill Level 5)","Z8F46860583","C.5","thampeng","Production","Packing","BE","Singapore, Kallang Way","cDtC_BE","2024-09-20T10:00:00+05:30","2028-05-19T10:00:00+05:30","Production: Procedure","Production Document","","","English","A5D00006942"
"OJTI on Operating Procedures for ISMECA NY-32 Tape & Reel Machine. (Skill Level 2)(TWI)","Z8F46860495","D.6","thampeng","Production","Packing","BE","Singapore, Kallang Way","cDtC_BE","2024-10-28T11:00:00+05:30","2028-07-27T10:00:00+05:30","Production: Procedure","Production Document","","","English","A5D00006629"
"OJTI for Setup of ETM Tray Transfer Machine. (Skill Level 4)(TWI)","Z8F46859972","D.4","thampeng","Production","Packing","BE","Singapore, Kallang Way","cDtC_BE","2024-08-06T10:00:00+05:30","2027-11-20T11:00:00+05:30","Production: Procedure","Production Document","","","English","A5D00003106"
"OJTI for Line Maintenance on KLR Machine. (Skill Level 4)(TWI)","Z8F46859929","E.4","thampeng","Production","Packing","BE","Singapore, Kallang Way","cDtC_BE","2023-02-22T11:00:00+05:30","2027-02-22T11:00:00+05:30","Production: Procedure","Production Document","","","English","A5D00002374"
"OJTI on Line Maintenance for McDry Cabinet (Skill Level 4)(TWI)","Z8F46859981","C.4","thampeng","Production","Packing","BE","Singapore, Kallang Way","cDtC_BE","2022-12-07T11:00:00+05:30","2026-12-07T11:00:00+05:30","Production: Procedure","Production Document","","","English","A5D00003248"
"OJTI for Operating Procedure for Peel Strength Analyzer at MSP. (Skill Level 2)(TWI)","Z8F46860561","N.4","thampeng","Production","Packing","BE","Singapore, Kallang Way","cDtC_BE","2026-03-16T01:41:47+05:30","2028-03-16T01:41:47+05:30","Production: Procedure","Production Document","Too Jeremy (BE QM MP SIN QE), Mohd Tahar Yusof (BE SIN OP P BI), Myint Tun Linn (BE SIN OP APE UP)","Myint Tun Linn (BE SIN OP APE UP)","English","A5D00006866"
"OJTI On Preventive Maintenance For KLA-T640/T680/T790 Machine. (Skill Level 5)","Z8F46860021","P.8","guochang","Production","Packing","BE","Singapore, Kallang Way","cDtC_BE","2026-05-05T06:56:08+05:30","2028-05-05T06:56:08+05:30","Production: Procedure","Production Document","Too Jeremy (BE QM MP SIN QE), Huang Niam Cheong (BE SIN FM ESH)","Mohammad Pervez So Mohommad Haron (BE SIN TE BM)","English","A5D00003575"
"OJTI on Process Specification, Control System & Alarm Handling for MSP Process. (Skill Level 3)(TWI)","Z8F46861709","BH.9","Inactive user: tanli","Production","Packing","BE","Singapore, Kallang Way","cDtC_BE","2026-05-11T09:23:22+05:30","2028-05-11T09:23:22+05:30","Production: Procedure","Production Document","Too Jeremy (BE QM MP SIN QE)","Myint Tun Linn (BE SIN TE UP)","English","A5D00050861"
"OJTI on PM Procedures for Strapping Machine. (Skill Level 5)","Z8F46861688","L.4","thampeng","Production","Packing","BE","Singapore, Kallang Way","cDtC_BE","2026-07-03T00:29:28+05:30","2028-07-03T00:29:28+05:30","Production: Procedure","Production Document","Huang Niam Cheong (BE SIN FM ESH)","Mohammad Pervez So Mohommad Haron (BE SIN TE BM)","English","A5D00050735"
"OJTI on Line Maintenance for Autonomous Mobile Robot (AMR) with Fixed Rack and Towing Mechanism. (Skill Level 4)(TWI)","Z8F46861533","A.5","behw","Production","Packing,Burn-In","BE","Singapore, Kallang Way","cDtC_BE","2025-06-11T10:00:00+05:30","2027-10-11T10:00:00+05:30","Production: Procedure","Production Document","","","English","A5D00009709"
"OJTI on Operating Instruction for Opcenter Job Module. (Skill Level 2)(TWI)","Z8F46860045","E.5","seekuoki","Production","Packing,Intelligent Burn In System (IBIS),Testing","BE","Singapore, Kallang Way","cDtC_BE","2024-09-30T10:00:00+05:30","2027-11-02T11:00:00+05:30","Production: Procedure","Production Document","","","English","A5D00003852"
"OJTI for Good Manufacturing Practices in Shopfloor. (Skill Level 1)","Z8F46861637","M.8","yaul","Production","Packing,Intelligent Burn In System (IBIS),Testing","BE","Singapore, Kallang Way","cDtC_BE","2025-02-20T11:00:00+05:30","2027-10-30T10:00:00+05:30","Production: Procedure","Production Document","","","English","A5D00050509"
"OJTI on Opcenter Tool Reservation Transaction. (Skill Level 2)(TWI)","Z8F46860046","D.5","seekuoki","Production","Packing,Intelligent Burn In System (IBIS),Testing","BE","Singapore, Kallang Way","cDtC_BE","2024-10-03T10:00:00+05:30","2027-12-11T11:00:00+05:30","Production: Procedure","Production Document","","","English","A5D00003853"
"OJTI Green Line (Man) Certification for Production Operators and Technicians. (Skill Level 4)","Z8F46860115","E.6","chanhant","Production","Packing,Intelligent Burn In System (IBIS),Testing","BE","Singapore, Kallang Way","cDtC_BE","2025-02-07T11:00:00+05:30","2028-05-25T10:00:00+05:30","Production: Procedure","Production Document","","","English","A5D00004259"
"OJTI on Escalation Procedure for SIN Operation (Skill Level 1)","Z8F46861161","A.6","yaul","Production","Packing,Intelligent Burn In System (IBIS),Testing,Burn-In","BE","Singapore, Kallang Way","cDtC_BE","2024-01-15T11:00:00+05:30","2028-01-15T11:00:00+05:30","Production: Procedure","Production Document","","","English","A5D00009182"
"OJTI on Operating Procedure for Strapping Machine. (Skill Level 2) (TWI)","Z8F46861665","G.8","behw","Production","Packing,Storing","BE","Singapore, Kallang Way","cDtC_BE","2024-07-15T10:00:00+05:30","2028-07-15T10:00:00+05:30","Production: Procedure","Production Document","","","English","A5D00050640"
"OJTI for Tote Box Handling Procedure. (Skill Level 2)(TWI)","Z8F46859994","E.5","seekuoki","Production","Packing,Storing,Testing","BE","Singapore, Kallang Way","cDtC_BE","2024-10-03T10:00:00+05:30","2028-04-10T10:00:00+05:30","Production: Procedure","Production Document","","","English","A5D00003347"
"BE OJTI Template- Step-by- Step Usage Guideline","Z8F80932570","A.3","akgupol","Quality Management","QM System","BE QM","Cegled, Wuxi, Tijuana, Bangkok, Melaka, Singapore, Kallang Way, Batam, Indonesia, Warstein, Max-Planck","cDtC_BE","2026-05-08T03:01:46+05:30","","Production: Information","Production Document","Auto-Reviewed","Auto-Approved","English",""
"OJTI on Defect Catalogue for Mechanical Rejects of BGA Packages.(Skill level 3)","Z8F46861705","E.2","hewpowte","Production","Quality Management (QMT)","BE","Singapore, Kallang Way","cDtC_BE","2024-09-25T10:00:00+05:30","2028-07-07T10:00:00+05:30","Production: Procedure","Production Document","","","English","A5D00050840"
"OJTI for Incoming Inspection of Packing Materials. (Skill Level 3)(TWI)","Z8F46861708","N.3","warouw","Production","Quality Management (QMT)","BE","Singapore, Kallang Way","cDtC_BE","2023-10-13T10:00:00+05:30","2027-10-13T10:00:00+05:30","Production: Procedure","Production Document","","","English","A5D00050855"
"OJTI to Perform MSA Studies at Packing Material Incoming Inspection (Skill Level 5)","Z8F46861223","A.3","warouw","Production","Quality Management (QMT)","BE","Singapore, Kallang Way","cDtC_BE","2024-05-29T10:00:00+05:30","2028-05-29T10:00:00+05:30","Production: Procedure","Production Document","","","English","A5D00009356"
"OJTI for Visual Inspection Step. (Skill Level 2)(TWI)","Z8F46860164","C.4","hewpowte","Production","Quality Management (QMT)","BE","Singapore, Kallang Way","cDtC_BE","2024-01-12T11:00:00+05:30","2028-01-12T11:00:00+05:30","Production: Procedure","Production Document","","","English","A5D00004647"
"OJTI for FAR return unit reconditioning steps (Skill Level 3)(TWI)","Z8F46861109","A.3","brajendran","Production","Quality Management (QMT)","BE","Singapore, Kallang Way","cDtC_BE","2023-08-08T10:00:00+05:30","2027-08-08T10:00:00+05:30","Production: Procedure","Production Document","","","English","A5D00009015"
"OJTI to Perform Stability Test at IQC. (Skill Level 3)","Z8F46860646","D.2","warouw","Production","Quality Management (QMT)","BE","Singapore, Kallang Way","cDtC_BE","2024-12-06T11:00:00+05:30","2028-07-26T10:00:00+05:30","Production: Procedure","Production Document","","","English","A5D00007223"
"OJTI for Defect Catalogue on Mechanical Reject of Leaded and Leadless Packages. (Skill Level 3)","Z8F46861706","F.3","seekuoki","Production","Quality Management (QMT)","BE","Singapore, Kallang Way","cDtC_BE","2024-10-08T10:00:00+05:30","2027-11-03T11:00:00+05:30","Production: Procedure","Production Document","","","English","A5D00050841"
"OJTI for Final Outgoing Inspection & QA Final Clearance. (Skill Level 3)(TWI)","Z8F46861710","W.3","hewpowte","Production","Quality Management (QMT)","BE","Singapore, Kallang Way","cDtC_BE","2025-10-10T05:55:24+05:30","2027-10-10T05:55:27+05:30","Production: Procedure","Production Document","Goh Teing Tieng (BE QM MP SIN QE)","Wong Fook San (BE QM MP SIN QE)","English","A5D00050862"
"OJTI for OGP ZIP Advance SmartScope Measurement. (Skill Level 3)(TWI)","Z8F46860328","C.4","warouw","Production","Quality Management (QMT)","BE","Singapore, Kallang Way","cDtC_BE","2024-06-25T10:00:00+05:30","2028-06-25T10:00:00+05:30","Production: Procedure","Production Document","","","English","A5D00005946"
"OJTI for Conduct of Offline Defect Sensitivity Assessment(DSA). (Skill Level 3)","Z8F46861707","E.2","gohteing","Production","Quality Management (QMT)","BE","Singapore, Kallang Way","cDtC_BE","2024-11-07T11:00:00+05:30","2027-11-26T11:00:00+05:30","Production: Procedure","Production Document","","","English","A5D00050842"
"OJTI to Operate SCC for SPC monitoring (Skill Level 3)","Z8F46860647","B.4","warouw","Production","Quality Management (QMT)","BE","Singapore, Kallang Way","cDtC_BE","2023-08-15T10:00:00+05:30","2027-08-15T10:00:00+05:30","Production: Procedure","Production Document","","","English","A5D00007224"
"OJTI for Handling Rework IC (RWIC) Lots (Skill Level 3)(TWI)","Z8F46861173","A.5","arandiamarkd","Production","Quality Management (QMT)","BE","Singapore, Kallang Way","cDtC_BE","2024-04-05T10:00:00+05:30","2028-04-05T10:00:00+05:30","Production: Procedure","Production Document","","","English","A5D00009256"
"OJTI for Issuance of Shipment Request Form.(Skill Level 2)(TWI)","Z8F46861670","E.6","leetecks","Production","Storing","BE","Singapore, Kallang Way","cDtC_BE","2023-03-06T11:00:00+05:30","2027-03-06T11:00:00+05:30","Production: Procedure","Production Document","","","English","A5D00050660"
"OJTI for Spare Parts Cycle Count Procedure. (Skill Level 2)","Z8F46861666","F.7","soony","Production","Storing","BE","Singapore, Kallang Way","cDtC_BE","2024-05-07T10:00:00+05:30","2028-05-07T10:00:00+05:30","Production: Procedure","Production Document","","","English","A5D00050642"
"OJTI for Issuing of Spare Parts. (Skill Level 2)","Z8F46861667","F.4","zamri","Production","Storing","BE","Singapore, Kallang Way","cDtC_BE","2023-10-16T10:00:00+05:30","2027-10-16T10:00:00+05:30","Production: Procedure","Production Document","","","English","A5D00050643"
"OJTI for Material Control Form Preparation Procedure","Z8F46861668","E.4","zamri","Production","Storing","BE","Singapore, Kallang Way","cDtC_BE","2024-09-12T10:00:00+05:30","2027-08-21T10:00:00+05:30","Production: Procedure","Production Document","","","English","A5D00050650"
"OJTI for Opcenter Transactions at Subcon Operation. (Skill Level 2)","Z8F46859877","K.4","zamri","Production","Storing","BE","Singapore, Kallang Way","cDtC_BE","2025-06-19T10:00:00+05:30","2028-05-13T10:00:00+05:30","Production: Procedure","Production Document","","","English","A5D00001679"
"OJTI on Operating Procedures for Digital Packing Line Palletization (DPLP) Smart Stocker (Skill Level 4)(TWI)","Z8F80918379","A.4","behw","Production","Storing","BE","Singapore, Kallang Way","cDtC_BE","2026-04-06T04:27:46+05:30","2028-04-06T04:27:46+05:30","Production: Procedure","Production Document","Sainey B Zamri (BE OPC PDT SIN LOG OPS), Huang Niam Cheong (BE FM SIN ESH), Hew Pow Teck (BE QM MP SIN QE QT)","Foo Say Wee (BE SIN OP APE AE)","English",""
"OJTI for Receiving of Subcon Assembled Lot Procedure. (Skill Level 2)(TWI)","Z8F46861669","R.3","zamri","Production","Storing","BE","Singapore, Kallang Way","cDtC_BE","2026-06-08T00:16:30+05:30","2028-06-08T00:16:30+05:30","Production: Procedure","Production Document","Yap Janice (BE QM MP SIN QMS)","Soon Jessica (BE OPC PDT SIN LOG SPF)","English","A5D00050651"
"OJTI for RMA Sorting Procedure. (Skill Level 2)(TWI)","Z8F46859925","E.4","zamri","Production","Storing","BE","Singapore, Kallang Way","cDtC_BE","2024-09-12T10:00:00+05:30","2028-03-01T11:00:00+05:30","Production: Procedure","Production Document","","","English","A5D00002278"
"OJTI for Issuing of Material. (Skill Level 1)","Z8F46861638","H.6","zamri","Production","Storing","BE","Singapore, Kallang Way","cDtC_BE","2023-10-13T10:00:00+05:30","2027-10-13T10:00:00+05:30","Production: Procedure","Production Document","","","English","A5D00050511"
"OJTI for Materials and Spare Parts Receiving Procedure. (Skill Level 2)","Z8F46861639","F.4","soony","Production","Storing","BE","Singapore, Kallang Way","cDtC_BE","2024-05-17T10:00:00+05:30","2028-05-17T10:00:00+05:30","Production: Procedure","Production Document","","","English","A5D00050512"
"OJTI for Good Manufacturing Practice in Shipping and Store. (Skill Level 1)","Z8F46861640","G.4","zamri","Production","Storing","BE","Singapore, Kallang Way","cDtC_BE","2025-03-17T11:00:00+05:30","2028-06-20T10:00:00+05:30","Production: Procedure","Production Document","","","English","A5D00050513"
"OJTI for Material Cycle Count Procedure. (Skill Level 2)","Z8F46861662","H.7","soony","Production","Storing","BE","Singapore, Kallang Way","cDtC_BE","2024-05-07T10:00:00+05:30","2028-05-07T10:00:00+05:30","Production: Procedure","Production Document","","","English","A5D00050637"
"OJTI for Scrap Crushing Procedure. (Skill Level 2)","Z8F46861659","G.8","zamri","Production","Storing","BE","Singapore, Kallang Way","cDtC_BE","2025-10-21T06:12:47+05:30","2027-10-21T06:12:47+05:30","Production: Procedure","Production Document","Ker Derick (BE SIN OP P FT T),Soon Jessica (BE OPC PDT SIN LOG),Tan Chai (BE FM SIN SEC)","Tee Leong How (BE OPC PDT SIN LOG)","English","A5D00050612"
"OJTI for Handling of Emergency Shipment Documentation. (Skill Level 2)(TWI)","Z8F46861671","F.5","leetecks","Logistics,Production","Storing","BE","Singapore, Kallang Way","cDtC_BE","2025-11-06T05:21:18+05:30","2027-11-06T05:21:19+05:30","Production: Procedure","Production Document","Cai Xiaohua (BE OPC PDT SIN DRM)","Tee Leong How (BE OPC PDT SIN LOG)","English","A5D00050661"
"OJTI for Finished Goods Shipping and Packing to DCs. (Skill Level 2)(TWI)","Z8F46861672","M.5","zamri","Production","Storing","BE","Singapore, Kallang Way","cDtC_BE","2024-09-12T10:00:00+05:30","2028-01-24T11:00:00+05:30","Production: Procedure","Production Document","","","English","A5D00050662"
"OJTI on Operating Procedures for Digital Packing Line Palletization (DPLP) Smart Stocker (Skill Level 2)(TWI)","Z8F80916535","A.4","behw","Production","Storing","BE","Singapore, Kallang Way","cDtC_BE","2026-03-27T06:23:01+05:30","2028-03-27T06:23:01+05:30","Production: Procedure","Production Document","Ng Yu Ning Eileen (BE QM MP SIN QMS), Hew Pow Teck (BE QM MP SIN QE QT)","Foo Say Wee (BE SIN OP APE AE)","English",""
"OJTI for Basic Operations of J750 Testers. (Skill Level 2)(TWI)","Z8F46861680","K.6","tanwingh","Production","Testing","BE","Singapore, Kallang Way","cDtC_BE","2024-08-14T10:00:00+05:30","2028-06-02T10:00:00+05:30","Production: Procedure","Production Document","","","English","A5D00050692"
"OJTI for Major Maintenance of Flex Tester. (Skill Level 6)","Z8F46861654","E.3","balanquitall","Production","Testing","BE","Singapore, Kallang Way","cDtC_BE","2025-09-24T09:27:24+05:30","2027-09-24T09:27:25+05:30","Production: Procedure","Production Document","Huang Niam Cheong (BE FM SIN ESH)","Ngu Linus (BE SIN OP E T),Sim Lee Wee (BE SIN OP P)","English","A5D00050598"
"OJTI for Preventive Maintenance of V93K EXAScale Tester. (Skill Level 5)(TWI)","Z8F46861433","A.5","hortizue","Production","Testing","BE","Singapore, Kallang Way","cDtC_BE","2025-03-24T11:00:00+05:30","2028-01-01T11:00:00+05:30","Production: Procedure","Production Document","","","English","A5D00009598"
"OJTI for Final Test Tube Devices on Complete Test Lot Reject Handling Procedure. (Skill Level 2)(TWI)","Z8F46859971","D.5","yinjianq","Production","Testing","BE","Singapore, Kallang Way","cDtC_BE","2024-09-25T10:00:00+05:30","2028-02-02T11:00:00+05:30","Production: Procedure","Production Document","","","English","A5D00003104"
"OJTI on Final Test Tube/Tray Device Handling During Technical Intervention. (Skill Level 3) (TWI)","Z8F46860019","G.5","yinjianq","Production","Testing","BE","Singapore, Kallang Way","cDtC_BE","2024-11-13T11:00:00+05:30","2027-11-03T11:00:00+05:30","Production: Procedure","Production Document","","","English","A5D00003548"
"OJTI for Final Test Tray Device on Partial Test Lot Reject Handling Procedure. (Skill Level 2)(TWI)","Z8F46859996","D.6","yinjianq","Production","Testing","BE","Singapore, Kallang Way","cDtC_BE","2024-09-26T10:00:00+05:30","2028-03-03T11:00:00+05:30","Production: Procedure","Production Document","","","English","A5D00003395"
"OJTI for Basic Operations of Flex Testers. (Skill Level 2)(TWI)","Z8F46861681","H.7","hortizue","Product Engineering,Production","Testing","BE","Singapore, Kallang Way","cDtC_BE","2024-08-05T10:00:00+05:30","2027-09-17T10:00:00+05:30","Production: Procedure","Production Document","","","English","A5D00050698"
"OJTI for Partial Test Tube Lot Segregation Procedure. (Skill Level 2)(TWI)","Z8F46860085","D.7","seekuoki","Production","Testing","BE","Singapore, Kallang Way","cDtC_BE","2024-10-04T10:00:00+05:30","2028-07-14T10:00:00+05:30","Production: Procedure","Production Document","","","English","A5D00004103"
"OJTI for Basic Operation on Multitest MT9928 Test Handler. (Skill Level 2)(TWI)","Z8F46859907","F.4","linyuefe","Production","Testing","BE","Singapore, Kallang Way","cDtC_BE","2023-05-23T10:00:00+05:30","2027-05-23T10:00:00+05:30","Production: Procedure","Production Document","","","English","A5D00001966"
"OJTI for Optical Scope Inspection of BGA Packages. (Skill Level 2) (TWI)","Z8F46859912","F.15","seekuoki","Production","Testing","BE","Singapore, Kallang Way","cDtC_BE","2025-07-09T10:00:00+05:30","2028-02-07T11:00:00+05:30","Production: Procedure","Production Document","","","English","A5D00001995"
"OJTI for Setup of MMCi Tester. (Skill Level 4)(TWI)","Z8F46861718","G.6","hortizue","Production","Testing","BE","Singapore, Kallang Way","cDtC_BE","2024-09-19T10:00:00+05:30","2028-06-05T10:00:00+05:30","Production: Procedure","Production Document","","","English","A5D00050932"
"OJTI for Final Test Line Scheduler LOH Disposition Handling with DP+ Operation. (Skill Level 2)(TWI)","Z8F46860543","F.5","yinjianq","Production","Testing","BE","Singapore, Kallang Way","cDtC_BE","2025-04-30T10:00:00+05:30","2027-08-12T10:00:00+05:30","Production: Procedure","Production Document","","","English","A5D00006816"
"OJTI for Final Test Tray Device on Complete Test Lot Reject Handling Procedure. (Skill Level 2)(TWI)","Z8F46859964","H.5","yinjianq","Production","Testing","BE","Singapore, Kallang Way","cDtC_BE","2024-09-25T10:00:00+05:30","2027-08-12T10:00:00+05:30","Production: Procedure","Production Document","","","English","A5D00003010"
"OJTI AM for V93K (CTH) Power Tester. (Skill Level 4)(TWI)","Z8F46860548","B.4","qiangd","Production","Testing","BE","Singapore, Kallang Way","cDtC_BE","2023-10-10T10:00:00+05:30","2027-10-10T10:00:00+05:30","Production: Procedure","Production Document","","","English","A5D00006839"
"OJTI for Basic Operations of V93K (CTH) Power Tester. (Skill Level 2)(TWI)","Z8F46860546","C.4","qiangd","Production","Testing","BE","Singapore, Kallang Way","cDtC_BE","2024-06-25T10:00:00+05:30","2028-06-25T10:00:00+05:30","Production: Procedure","Production Document","","","English","A5D00006837"
"OJTI for Setup of LTX Fusion CX Tester.(Skill Level 4)(TWI)","Z8F46861717","J.7","hortizue","Production","Testing","BE","Singapore, Kallang Way","cDtC_BE","2024-09-23T10:00:00+05:30","2028-01-21T11:00:00+05:30","Production: Procedure","Production Document","","","English","A5D00050928"
"OJTI for Setup of J750. (Skill Level 4)(TWI)","Z8F46861715","U.5","hortizue","Production","Testing","BE","Singapore, Kallang Way","cDtC_BE","2025-06-24T10:00:00+05:30","2028-03-30T10:00:00+05:30","Production: Procedure","Production Document","","","English","A5D00050923"
"OJTI Preventive Maintenance for LTX Fusion CX Tester.(Skill Level 5)(TWI)","Z8F46861697","G.5","hortizue","Product Engineering,Production","Testing","BE","Singapore, Kallang Way","cDtC_BE","2022-08-05T10:00:00+05:30","2026-08-05T10:00:00+05:30","Production: Procedure","Production Document","","","English","A5D00050798"
"OJTI on Operating Procedures for Delta Matrix Pick and Place Test Handler. (Skill Level 2)(TWI)","Z8F46861674","J.8","ernie","Production","Testing","BE","Singapore, Kallang Way","cDtC_BE","2025-04-17T10:00:00+05:30","2028-04-25T10:00:00+05:30","Production: Procedure","Production Document","","","English","A5D00050667"
"OJTI for Flex Tester Line Maintenance. (Skill Level 4)(TWI)","Z8F46861648","E.4","braza","Production","Testing","BE","Singapore, Kallang Way","cDtC_BE","2022-09-14T10:00:00+05:30","2026-09-14T10:00:00+05:30","Production: Procedure","Production Document","","","English","A5D00050562"
"OJTI for Setup for V93K (CTH) Power Tester. (Skill Level 4)(TWI)","Z8F46860547","E.5","lawm","Production","Testing","BE","Singapore, Kallang Way","cDtC_BE","2025-07-11T10:00:00+05:30","2028-06-03T10:00:00+05:30","Production: Procedure","Production Document","","","English","A5D00006838"
"OJTI for Basic Operations of V93K Testers. (Skill Level 2)(TWI)","Z8F46860054","F.8","zawthuhe","Production","Testing","BE","Singapore, Kallang Way","cDtC_BE","2024-09-23T10:00:00+05:30","2027-12-23T11:00:00+05:30","Production: Procedure","Production Document","","","English","A5D00003893"
"OJTI for Life-Span Count for Tool. (Skill Level 2)(TWI)","Z8F46860050","D.4","zawthuhe","Production","Testing","BE","Singapore, Kallang Way","cDtC_BE","2024-09-20T10:00:00+05:30","2027-12-08T11:00:00+05:30","Production: Procedure","Production Document","","","English","A5D00003869"
"OJTI for Delta Castle Handler Partial Test Lot Removal Devices Procedure. (Skill Level 2)(TWI)","Z8F46859956","E.9","yinjianq","Production","Testing","BE","Singapore, Kallang Way","cDtC_BE","2025-11-07T05:55:13+05:30","2027-11-07T05:55:14+05:30","Production: Procedure","Production Document","Sim Lee Wee (BE SIN OP P),Yau Liv (BE SIN OP P FT O),Huang Niam Cheong (BE FM SIN ESH),Leow Siok Hua (BE QM MP SIN QE)","Wong Chee Peng (BE SIN OP APE)","English","A5D00002875"
"OJTI for Preventive Maintenance for NS-8040 Handler.(Skill Level 5)","Z8F46861694","J.8","linyuefe","Production","Testing","BE","Singapore, Kallang Way","cDtC_BE","2023-04-28T10:00:00+05:30","2027-04-28T10:00:00+05:30","Production: Procedure","Production Document","","","English","A5D00050780"
"OJTI for Final Test WIP Transportation with Cargo Lift. (Skill Level 2)(TWI)","Z8F46860337","C.4","seekuoki","Production","Testing","BE","Singapore, Kallang Way","cDtC_BE","2025-12-01T02:25:29+05:30","2027-12-01T02:25:30+05:30","Production: Procedure","Production Document","Yau Liv (BE SIN OP P FT O), Huang Niam Cheong (BE FM SIN ESH), Myint Tun Linn (BE SIN OP APE UP), Leow Siok Hua (BE QM MP SIN QE)","Wong Chee Peng (BE SIN OP APE)","English","A5D00005990"
"OJTI for Flush Out IC Procedure on DC Handler Machine. (Skill Level 4) (TWI)","Z8F46859955","D.4","yinjianq","Production","Testing","BE","Singapore, Kallang Way","cDtC_BE","2025-07-16T10:00:00+05:30","2027-10-18T10:00:00+05:30","Production: Procedure","Production Document","","","English","A5D00002872"
"OJTI for Line Maintenance Procedure for Delta Castle Handler. (Skill Level 4)(TWI)","Z8F46861642","G.6","ernie","Production","Testing","BE","Singapore, Kallang Way","cDtC_BE","2025-01-08T11:00:00+05:30","2027-08-21T10:00:00+05:30","Production: Procedure","Production Document","","","English","A5D00050537"
"OJTI for Preventive Maintenance Procedure for Multitest MT9928XM. (Skill Level 5)","Z8F46859973","M.4","linyuefe","Production","Testing","BE","Singapore, Kallang Way","cDtC_BE","2023-03-01T11:00:00+05:30","2027-03-01T11:00:00+05:30","Production: Procedure","Production Document","","","English","A5D00003108"
"OJTI on Operating Procedures for Seiko Epson North Star 8040 Pick & Place Test Handler. (Skill Level 2)(TWI)","Z8F46860584","C.4","linyuefe","Production","Testing","BE","Singapore, Kallang Way","cDtC_BE","2025-11-27T05:31:56+05:30","2027-11-27T05:31:57+05:30","Production: Procedure","Production Document","Ker Derick (BE SIN OP P FT T), Leow Siok Hua (BE QM MP SIN QE), Huang Niam Cheong (BE FM SIN ESH)","Xie Bo (BE SIN OP E TH)","English","A5D00006943"
"OJTI for Preventive Maintenance of V93K (STH) Digital Tester. (Skill Level 5)(TWI)","Z8F46860068","E.6","zawthuhe","Production","Testing","BE","Singapore, Kallang Way","cDtC_BE","2022-09-07T10:00:00+05:30","2026-09-07T10:00:00+05:30","Production: Procedure","Production Document","","","English","A5D00003970"
"OJTI for Line Maintenance of V93K EXAScale Tester. (Skill Level 4)(TWI)","Z8F46861431","A.7","hortizue","Production","Testing","BE","Singapore, Kallang Way","cDtC_BE","2025-02-25T11:00:00+05:30","2028-07-24T10:00:00+05:30","Production: Procedure","Production Document","","","English","A5D00009596"
"OJTI for Line Maintenance for Multitest MT9928XM Test Handler. (Skill Level 4)(TWI)","Z8F46859900","G.6","linyuefe","Production","Testing","BE","Singapore, Kallang Way","cDtC_BE","2025-01-02T11:00:00+05:30","2028-05-02T10:00:00+05:30","Production: Procedure","Production Document","","","English","A5D00001922"
"OJTI for Line Maintenance of V93K (STH) Digital Tester. (Skill Level 4)(TWI)","Z8F46860059","C.4","zawthuhe","Production","Testing","BE","Singapore, Kallang Way","cDtC_BE","2023-03-27T10:00:00+05:30","2027-03-27T11:00:00+05:30","Production: Procedure","Production Document","","","English","A5D00003927"
"OJTI for Preventive Maintenance Procedure for Delta Castle Handler. (Skill Level 5)","Z8F46861692","L.4","ernie","Production","Testing","BE","Singapore, Kallang Way","cDtC_BE","2023-09-25T10:00:00+05:30","2027-09-25T10:00:00+05:30","Production: Procedure","Production Document","","","English","A5D00050770"
"OJTI for Basic Operation of V93K EXAScale Tester. (Skill Level 2)(TWI)","Z8F46861442","A.9","hortizue","Production","Testing","BE","Singapore, Kallang Way","cDtC_BE","2025-03-03T11:00:00+05:30","2027-09-17T10:00:00+05:30","Production: Procedure","Production Document","","","English","A5D00009607"
"OJTI for Preventive Maintenance on OSAI NeoHandler304 Test Handler. (Skill Level 5)","Z8F46860564","B.4","ernie","Production","Testing","BE","Singapore, Kallang Way","cDtC_BE","2025-07-10T10:00:00+05:30","2028-06-21T10:00:00+05:30","Production: Procedure","Production Document","","","English","A5D00006885"
"OJTI AM for LTX Fusion CX Test Cell.(Skill Level 4)(TWI)","Z8F46861636","F.5","hortizue","Production","Testing","BE","Singapore, Kallang Way","cDtC_BE","2026-01-27T23:38:41+05:30","2028-01-27T23:38:41+05:30","Production: Procedure","Production Document","Leow Siok Hua (BE QM MP SIN QE), Huang Niam Cheong (BE FM SIN ESH), Ker Derick (BE SIN OP P FT T)","Ngu Linus (BE SIN OP E T)","English","A5D00050496"
"OJTI for Major Maintenance for LTX Fusion CX Tester. (Skill Level 6)","Z8F46861653","E.6","hortizue","Production","Testing","BE","Singapore, Kallang Way","cDtC_BE","2026-03-04T07:43:57+05:30","2028-03-04T07:43:57+05:30","Production: Procedure","Production Document","Huang Niam Cheong (BE FM SIN ESH), Ker Derick (BE SIN OP P FT T), Leow Siok Hua (BE QM MP SIN QE)","Ngu Linus (BE SIN OP E T)","English","A5D00050596"
"OJTI for Final Test Tray Device Handling Procedure on Normal Test. (Skill Level 2)(TWI)","Z8F46859963","U.5","yinjianq","Production","Testing","BE","Singapore, Kallang Way","cDtC_BE","2026-03-02T08:42:25+05:30","2028-03-02T08:42:25+05:30","Production: Procedure","Production Document","Myint Tun Linn (BE SIN OP APE UP)","Yau Liv (BE SIN OP P FT O), Myint Tun Linn (BE SIN OP APE UP)","English","A5D00003009"
"OJTI on Line Maintenance for JHT 9832 PRO Handler. (Skill Level 4)(TWI)","Z8F80922829","A.7","visvanag","Production","Testing","BE","Singapore, Kallang Way","cDtC_BE","2026-04-23T07:51:53+05:30","2028-04-23T07:51:53+05:30","Production: Procedure","Production Document","Ker Derick (BE SIN OP P FT T), Leow Siok Hua (BE QM MP SIN QE), Huang Niam Cheong (BE SIN FM ESH)","Xie Bo (BE SIN OP E TH)","English",""
"OJTI PM for Loadboard Procedure. (Skill Level 5)(TWI)","Z8F46861687","L.9","cahutay","Production","Testing","BE","Singapore, Kallang Way","cDtC_BE","2026-04-20T08:37:59+05:30","2028-04-20T08:37:59+05:30","Production: Procedure","Production Document","Huang Niam Cheong (BE SIN FM ESH)","Ngu Linus (BE SIN OP E T)","English","A5D00050732"
"OJTI for Final Test Equipment Safe Release (ESR). (Skill Level 3)(TWI)","Z8F46860644","H.6","seekuoki","Production","Testing","BE","Singapore, Kallang Way","cDtC_BE","2026-04-28T14:28:22+05:30","2028-04-28T14:28:22+05:30","Production: Procedure","Production Document","Leow Siok Hua (BE QM MP SIN QE)","Myint Tun Linn (BE SIN OP APE UP)","English","A5D00007218"
"OJTI on Preventive Maintenance for JHT 9832 PRO Handler. (Skill Level 5)","Z8F80921605","A.5","visvanag","Production","Testing","BE","Singapore, Kallang Way","cDtC_BE","2026-04-17T07:57:43+05:30","2028-04-17T07:57:43+05:30","Production: Procedure","Production Document","Xie Bo (BE SIN OP E TH), Huang Niam Cheong (BE SIN FM ESH)","Xie Bo (BE SIN OP E TH)","English",""
"OJTI for Line Maintenance LTX Fusion CX Tester.(Skill Level 4)(TWI)","Z8F46861649","G.5","hortizue","Production","Testing","BE","Singapore, Kallang Way","cDtC_BE","2026-05-21T02:39:50+05:30","2028-05-21T02:39:50+05:30","Production: Procedure","Production Document","Leow Siok Hua (BE QM MP SIN QE), Ker Derick (BE SIN TM P FT T), Huang Niam Cheong (BE SIN FM ESH)","Mohammad Pervez So Mohommad Haron (BE SIN TE BM)","English","A5D00050563"
"OJTI for Line Maintenance for JHT Handler. (Skill Level 4)(TWI)","Z8F80941881","A.5","visvanag","Production","Testing","BE","Singapore, Kallang Way","cDtC_BE","2026-06-15T00:45:15+05:30","2028-06-15T00:45:15+05:30","Production: Procedure","Production Document","Ker Derick (BE SIN TM P FT T), Huang Niam Cheong (BE SIN FM ESH), Leow Siok Hua (BE QM MP SIN QE)","Xie Bo (BE SIN TE TH)","English",""
"OJTI for Line Maintenance on Advantest M4841 Test Handler. (Skill Level 4)(TWI)","Z8F46860287","J.4","linyuefe","Production","Testing","BE","Singapore, Kallang Way","cDtC_BE","2026-06-22T01:27:11+05:30","2028-06-22T01:27:11+05:30","Production: Procedure","Production Document","Yau Liv (BE SIN TM P FT O)","Xie Bo (BE SIN TE TH)","English","A5D00005699"
"OJTI for Final Test Tray Device Handling Procedure on Normal Test for Semi Auto Load & Go and Lights Out (Skill Level 2)(TWI)","Z8F46860666","K.3","seekuoki","Production","Testing","BE","Singapore, Kallang Way","cDtC_BE","2026-06-18T08:23:37+05:30","2028-06-18T08:23:37+05:30","Production: Procedure","Production Document","Myint Tun Linn (BE SIN TE UP)","Ker Derick (BE SIN TM P FT T)","English","A5D00007330"
"OJTI on Preventive Maintenance for JHT (Skill Level 5)","Z8F80941883","A.3","visvanag","Production","Testing","BE","Singapore, Kallang Way","cDtC_BE","2026-06-10T03:01:24+05:30","2028-06-10T03:01:24+05:30","Production: Procedure","Production Document","Huang Niam Cheong (BE SIN FM ESH), Xie Bo (BE SIN TE TH)","Xie Bo (BE SIN TE TH)","English",""
"Machinery FMEA for Final Test Pick and Place Handler Advantest M4841","Z8F46860283","L.13","waicheel","Production","Testing","BE","Singapore, Kallang Way","cDtC_BE_FMEA_CP_ProcessFlow","2026-06-26T08:48:24+05:30","2027-06-26T08:48:24+05:30","Production: Specification","Production Document","Leow Siok Hua (BE QM MP SIN QE), Ng Yu Ning Eileen (BE QM MP SIN QMS)","Sugianto Yusman (BE TTI FT DMS)","English","A5D00005682"
"OJTI for Line Maintenance for Delta Matrix Pick and Place Test Handler. (Skill Level 4)(TWI)","Z8F46861646","AV.4","yapbiingshiu","Production","Testing","BE","Singapore, Kallang Way","cDtC_BE","2026-06-30T02:15:20+05:30","2028-06-30T02:15:20+05:30","Production: Procedure","Production Document","Huang Niam Cheong (BE SIN FM ESH), Ker Derick (BE SIN TM P FT T)","Xie Bo (BE SIN TE TH)","English","A5D00050548"
"OJTI Preventive Maintenance for J750 Tester. (Skill Level 5)","Z8F46861695","G.5","tanwingh","Production","Testing","BE","Singapore, Kallang Way","cDtC_BE","2026-06-25T03:26:55+05:30","2028-06-25T03:26:55+05:30","Production: Procedure","Production Document","Ker Derick (BE SIN TM P FT T), Huang Niam Cheong (BE SIN FM ESH)","Mohammad Pervez So Mohommad Haron (BE SIN TE BM)","English","A5D00050790"
"OJTI for Line Maintenance on OSAI NeoHandler304 Test Handler. (Skill Level 4)(TWI)","Z8F46860138","C.4","ernie","Production","Testing","BE","Singapore, Kallang Way","cDtC_BE","2024-04-22T10:00:00+05:30","2028-04-22T10:00:00+05:30","Production: Procedure","Production Document","","","English","A5D00004449"
"OJTI for Setup for V93K EXAScale Tester. (Skill Level 4)(TWI)","Z8F46861432","B.3","hortizue","Production","Testing","BE","Singapore, Kallang Way","cDtC_BE","2025-09-29T08:03:53+05:30","2027-09-29T08:03:57+05:30","Production: Procedure","Production Document","Huang Niam Cheong (BE FM SIN ESH)","Sim Lee Wee (BE SIN OP P),Ngu Linus (BE SIN OP E T)","English","A5D00009597"
"OJTI for Major Maintenance for J750 Tester. (Skill Level 6)","Z8F46861652","E.3","tanwingh","Production","Testing","BE","Singapore, Kallang Way","cDtC_BE","2025-09-30T08:17:06+05:30","2027-09-30T08:17:12+05:30","Production: Procedure","Production Document","Huang Niam Cheong (BE FM SIN ESH),Sim Lee Wee (BE SIN OP P)","Ngu Linus (BE SIN OP E T)","English","A5D00050593"
"OJTI AM for Flex Test Cell. (Skill Level 4)(TWI)","Z8F46861635","E.4","braza","Production","Testing","BE","Singapore, Kallang Way","cDtC_BE","2022-09-14T10:00:00+05:30","2026-09-14T10:00:00+05:30","Production: Procedure","Production Document","","","English","A5D00050493"
"OJTI for Major Maintenance of V93K (CTH) Power Tester. (Skill Level 6)","Z8F46860550","B.4","qiangd","Production","Testing","BE","Singapore, Kallang Way","cDtC_BE","2023-10-10T10:00:00+05:30","2027-10-10T10:00:00+05:30","Production: Procedure","Production Document","","","English","A5D00006841"
"OJTI for Partial Test Lot Segregation Procedure. (Skill Level 2)(TWI)","Z8F46859957","F.5","yinjianq","Production","Testing","BE","Singapore, Kallang Way","cDtC_BE","2024-09-27T10:00:00+05:30","2027-12-28T11:00:00+05:30","Production: Procedure","Production Document","","","English","A5D00002880"
"OJTI for Major Maintenance of V93K Tester. (Skill Level 6)","Z8F46860060","C.5","zawthuhe","Production","Testing","BE","Singapore, Kallang Way","cDtC_BE","2023-03-27T10:00:00+05:30","2027-03-27T11:00:00+05:30","Production: Procedure","Production Document","","","English","A5D00003928"
"OJTI on Preventive Maintenance ESD Checking. (Skill Level 5)","Z8F46861691","D.4","mangm","Production","Testing","BE","Singapore, Kallang Way","cDtC_BE","2023-02-13T11:00:00+05:30","2027-02-13T11:00:00+05:30","Production: Procedure","Production Document","","","English","A5D00050769"
"OJTI for Preventive Maintenance of V93K (CTH) Power Tester. (Skill Level 5)(TWI)","Z8F46860551","B.4","qiangd","Production","Testing","BE","Singapore, Kallang Way","cDtC_BE","2023-10-10T10:00:00+05:30","2027-10-10T10:00:00+05:30","Production: Procedure","Production Document","","","English","A5D00006842"
"OJTI Preventive Maintenance for Flex Testers. (Skill Level 5)(TWI)","Z8F46861696","G.4","hortizue","Product Engineering,Production","Testing","BE","Singapore, Kallang Way","cDtC_BE","2022-12-01T11:00:00+05:30","2026-12-01T11:00:00+05:30","Production: Procedure","Production Document","","","English","A5D00050797"
"OJTI for Final Test Tube Device on Partial Test Lot Reject Handling Procedure. (Skill Level 2)(TWI)","Z8F46860107","D.5","seekuoki","Production","Testing","BE","Singapore, Kallang Way","cDtC_BE","2024-10-02T10:00:00+05:30","2027-12-12T11:00:00+05:30","Production: Procedure","Production Document","","","English","A5D00004204"
"OJTI for Final Test Stagging Procedure. (Skill Level 2)(TWI)","Z8F46860089","D.5","seekuoki","Production","Testing","BE","Singapore, Kallang Way","cDtC_BE","2024-10-02T10:00:00+05:30","2027-12-31T11:00:00+05:30","Production: Procedure","Production Document","","","English","A5D00004120"
"OJTI Preventive Maintenance for Test Socket. (Skill Level 5)(TWI)","Z8F46860157","G.4","cahutay","Production","Testing","BE","Singapore, Kallang Way","cDtC_BE","2025-05-15T10:00:00+05:30","2027-08-11T10:00:00+05:30","Production: Procedure","Production Document","","","English","A5D00004574"
"OJTI for Final Test Tote Box Association and De-Association to Lot ID. (Skill Level 2)(TWI)","Z8F46861175","A.9","seekuoki","Production","Testing","BE","Singapore, Kallang Way","cDtC_BE","2024-04-03T10:00:00+05:30","2028-04-03T10:00:00+05:30","Production: Procedure","Production Document","","","English","A5D00009263"
"OJTI for Setup of Flex Testers.(Skill Level 4)(TWI)","Z8F46861716","V.5","hortizue","Production","Testing","BE","Singapore, Kallang Way","cDtC_BE","2025-06-18T10:00:00+05:30","2028-07-06T10:00:00+05:30","Production: Procedure","Production Document","","","English","A5D00050927"
"OJTI for Preventive Maintenance of MMCi Tester. (Skill Level 5)(TWI)","Z8F46860180","C.4","braza","Production","Testing","BE","Singapore, Kallang Way","cDtC_BE","2024-01-09T11:00:00+05:30","2028-01-09T11:00:00+05:30","Production: Procedure","Production Document","","","English","A5D00004729"
"OJTI for Setup of UltraFLEX Tester. (Skill Level 4)(TWI)","Z8F46860921","E.5","hortizue","Production","Testing","BE","Singapore, Kallang Way","cDtC_BE","2025-06-18T10:00:00+05:30","2028-03-26T10:00:00+05:30","Production: Procedure","Production Document","","","English","A5D00008499"
"OJTI for Final Test Tube Device Call Lot Handling Procedure. (Skill Level 2)(TWI)","Z8F46860084","D.5","seekuoki","Production","Testing","BE","Singapore, Kallang Way","cDtC_BE","2024-10-01T10:00:00+05:30","2028-02-01T11:00:00+05:30","Production: Procedure","Production Document","","","English","A5D00004101"
"OJTI for Final Test Tray Device Normal Test Handling Procedure with MMR and Auto WIP. (Skill Level 2)(TWI)","Z8F46861107","B.5","yinjianq","Production","Testing","BE","Singapore, Kallang Way","cDtC_BE","2024-09-27T10:00:00+05:30","2027-09-04T10:00:00+05:30","Production: Procedure","Production Document","","","English","A5D00009006"
"OJTI for Basic Operation of MMCI Tester. (Skill Level 2)(TWI)","Z8F46859885","E.5","braza","Production","Testing","BE","Singapore, Kallang Way","cDtC_BE","2024-05-28T10:00:00+05:30","2028-05-28T10:00:00+05:30","Production: Procedure","Production Document","","","English","A5D00001718"
"OJTI for Test Work Station Instruction.(Skill Level 2)(TWI)","Z8F46861673","L.6","yinjianq","Production","Testing","BE","Singapore, Kallang Way","cDtC_BE","2024-09-25T10:00:00+05:30","2028-06-12T10:00:00+05:30","Production: Procedure","Production Document","","","English","A5D00050664"
"OJTI for Final Test Tray Device Call Lot Handling Procedure. (Skill Level 2)(TWI)","Z8F46859962","F.5","seekuoki","Production","Testing","BE","Singapore, Kallang Way","cDtC_BE","2024-04-24T10:00:00+05:30","2028-04-24T10:00:00+05:30","Production: Procedure","Production Document","","","English","A5D00003008"
"OJTI on Line Maintenance for Rasco SO1800 Test Handler. (Skill Level 4)(TWI)","Z8F46861645","G.5","linyuefe","Production","Testing","BE","Singapore, Kallang Way","cDtC_BE","2025-02-11T11:00:00+05:30","2028-05-27T10:00:00+05:30","Production: Procedure","Production Document","","","English","A5D00050547"
"OJTI for Basic Operation for Rasco Handler. (Skill Level 2)(TWI)","Z8F46861677","K.10","linyuefe","Production","Testing","BE","Singapore, Kallang Way","cDtC_BE","2023-01-30T11:00:00+05:30","2027-01-30T11:00:00+05:30","Production: Procedure","Production Document","","","English","A5D00050675"
"OJTI for Line Maintenance Procedure for the Seiko Epson North Star 8040 Handler. (Skill Level 4)(TWI)","Z8F46861643","F.9","linyuefe","Production","Testing","BE","Singapore, Kallang Way","cDtC_BE","2024-12-12T11:00:00+05:30","2027-08-10T10:00:00+05:30","Production: Procedure","Production Document","","","English","A5D00050538"
"OJTI for Line Maintenance for Rasco Handler. (Skill Level 4)(TWI)","Z8F46861644","G.10","linyuefe","Production","Testing","BE","Singapore, Kallang Way","cDtC_BE","2024-07-02T10:00:00+05:30","2028-07-02T10:00:00+05:30","Production: Procedure","Production Document","","","English","A5D00050545"
"OJTI for Split Lot Handling Procedure At Logistic Work Area. (Skill Level 2)(TWI)","Z8F46860029","D.6","yinjianq","Production","Testing","BE","Singapore, Kallang Way","cDtC_BE","2024-09-25T10:00:00+05:30","2028-04-09T10:00:00+05:30","Production: Procedure","Production Document","","","English","A5D00003628"
"OJTI for Preventive Maintenance Procedure for Rasco Handler. (Skill Level 5)","Z8F46861693","P.6","linyuefe","Production","Testing","BE","Singapore, Kallang Way","cDtC_BE","2023-03-31T10:00:00+05:30","2027-03-31T10:00:00+05:30","Production: Procedure","Production Document","","","English","A5D00050779"
"OJTI for Partial Test Lot Procedure. (Skill Level 2)(TWI)","Z8F46859959","E.5","seekuoki","Production","Testing","BE","Singapore, Kallang Way","cDtC_BE","2024-10-01T10:00:00+05:30","2028-07-07T10:00:00+05:30","Production: Procedure","Production Document","","","English","A5D00002887"
"OJTI for Preventive Maintenance Procedure for Rasco Test Handler SO1800. (Skill Level 5)","Z8F46860167","L.4","linyuefe","Production","Testing","BE","Singapore, Kallang Way","cDtC_BE","2023-02-22T11:00:00+05:30","2027-02-22T11:00:00+05:30","Production: Procedure","Production Document","","","English","A5D00004656"
"OJTI for Basic Operation of LTX Fusion CX Tester.(Skill Level 2)(TWI)","Z8F46861682","F.5","hortizue","Product Engineering, Production","Testing","BE","Singapore, Kallang Way","cDtC_BE","2024-05-28T10:00:00+05:30","2028-05-28T10:00:00+05:30","Production: Procedure","Production Document","","","English","A5D00050699"
"OJTI for Line Maintenance of MMCi Tester. (Skill Level 4)(TWI)","Z8F46861650","E.4","braza","Production","Testing","BE","Singapore, Kallang Way","cDtC_BE","2024-01-10T11:00:00+05:30","2028-01-10T11:00:00+05:30","Production: Procedure","Production Document","","","English","A5D00050566"
"OJTI on Preventive Maintenance for Delta Matrix Pick & Place Test Handler. (Skill Level 5)","Z8F46859911","Y.4","hortizue","Production","Testing","BE","Singapore, Kallang Way","cDtC_BE","2025-06-12T10:00:00+05:30","2028-07-01T10:00:00+05:30","Production: Procedure","Production Document","","","English","A5D00001986"
"OJTI AM for V93K Tester. (Skill Level 4)(TWI)","Z8F46860058","C.4","zawthuhe","Production","Testing","BE","Singapore, Kallang Way","cDtC_BE","2024-02-19T11:00:00+05:30","2028-02-19T11:00:00+05:30","Production: Procedure","Production Document","","","English","A5D00003926"
"OJTI for Basic Operation for Rasco Test Handler SO1800T RT. (Skill Level 2)(TWI)","Z8F46861678","G.5","linyuefe","Production","Testing","BE","Singapore, Kallang Way","cDtC_BE","2025-07-28T10:00:00+05:30","2027-10-30T10:00:00+05:30","Production: Procedure","Production Document","","","English","A5D00050676"
"OJTI for Major Maintenance for Rasco Handler. (Skill Level 6)","Z8F46861651","E.4","linyuefe","Production","Testing","BE","Singapore, Kallang Way","cDtC_BE","2024-07-09T10:00:00+05:30","2028-07-09T10:00:00+05:30","Production: Procedure","Production Document","","","English","A5D00050586"
"OJTI for Basic Operation for Delta Castle Handler.(Skill Level 2)(TWI)","Z8F46861676","F.4","ernie","Production","Testing","BE","Singapore, Kallang Way","cDtC_BE","2022-09-07T10:00:00+05:30","2026-09-07T10:00:00+05:30","Production: Procedure","Production Document","","","English","A5D00050674"
"OJTI for Basic Operation of UltraFLEX Testers. (Skill Level 2)(TWI)","Z8F46860922","B.5","balanquitall","Production","Testing","BE","Singapore, Kallang Way","cDtC_BE","2024-09-30T10:00:00+05:30","2028-02-15T11:00:00+05:30","Production: Procedure","Production Document","","","English","A5D00008500"
"OJTI on Line Maintenance for UltraFLEX Tester. (Skill Level 4)(TWI)","Z8F46860920","B.7","balanquitall","Production","Testing","BE","Singapore, Kallang Way","cDtC_BE","2022-09-20T10:00:00+05:30","2026-09-20T10:00:00+05:30","Production: Procedure","Production Document","","","English","A5D00008498"
"OJTI for Line Maintenance of V93K (CTH) Power Tester. (Skill Level 4)(TWI)","Z8F46860549","B.4","qiangd","Production","Testing","BE","Singapore, Kallang Way","cDtC_BE","2023-10-10T10:00:00+05:30","2027-10-10T10:00:00+05:30","Production: Procedure","Production Document","","","English","A5D00006840"
"OJTI AM for J750 Test Cell.(Skill Level 4)(TWI)","Z8F46861634","G.5","tanwingh","Production","Testing","BE","Singapore, Kallang Way","cDtC_BE","2026-01-25T14:50:21+05:30","2028-01-25T14:50:21+05:30","Production: Procedure","Production Document","Huang Niam Cheong (BE FM SIN ESH), Ker Derick (BE SIN OP P FT T), Leow Siok Hua (BE QM MP SIN QE)","Ngu Linus (BE SIN OP E T)","English","A5D00050490"
"OJTI for J750 Tester Line Maintenance.(Skill Level 4)(TWI)","Z8F46861647","F.3","tanwingh","Production","Testing","BE","Singapore, Kallang Way","cDtC_BE","2026-01-21T23:38:42+05:30","2028-01-21T23:38:42+05:30","Production: Procedure","Production Document","Huang Niam Cheong (BE FM SIN ESH), Leow Siok Hua (BE QM MP SIN QE), Ker Derick (BE SIN OP P FT T)","Ngu Linus (BE SIN OP E T)","English","A5D00050555"
"OJTI for Setup for V93K (STH) Digital Tester. (Skill Level 4)(TWI)","Z8F46860057","R.9","hortizue","Production","Testing","BE","Singapore, Kallang Way","cDtC_BE","2026-02-05T13:52:01+05:30","2028-02-05T13:52:01+05:30","Production: Procedure","Production Document","Huang Niam Cheong (BE FM SIN ESH), Leow Siok Hua (BE QM MP SIN QE), Ker Derick (BE SIN OP P FT T)","Ngu Linus (BE SIN OP E T)","English","A5D00003925"
"OJTI for Final Test Tube Device Handling Procedure on Normal Test. (Skill Level 2)(TWI)","Z8F46859990","P.5","seekuoki","Production","Testing","BE","Singapore, Kallang Way","cDtC_BE","2026-04-10T09:02:44+05:30","2028-04-10T09:02:44+05:30","Production: Procedure","Production Document","Myint Tun Linn (BE SIN OP APE UP)","Myint Tun Linn (BE SIN OP APE UP)","English","A5D00003331"
"OJTI on Operating Procedure for JHT 9832 PRO Handler. (Skill Level 2)(TWI)","Z8F80919165","A.8","visvanag","Production","Testing","BE","Singapore, Kallang Way","cDtC_BE","2026-04-22T09:56:20+05:30","2028-04-22T09:56:20+05:30","Production: Procedure","Production Document","Huang Niam Cheong (BE SIN FM ESH), Ker Derick (BE SIN OP P FT T), Leow Siok Hua (BE QM MP SIN QE)","Xie Bo (BE SIN OP E TH)","English",""
"OJTI for WIP Deviation Handling for Lights Out Lot. (Skill Level 3)(TWI)","Z8F46861203","C.6","mohdsyafiq","Production","Testing","BE","Singapore, Kallang Way","cDtC_BE","2026-05-19T08:22:39+05:30","2028-05-19T08:22:39+05:30","Production: Procedure","Production Document","Hew Pow Teck (BE QM MP SIN QE QT), Myint Tun Linn (BE SIN TE UP)","Ker Derick (BE SIN TM P FT T)","English","A5D00009334"
"OJTI on Operating Procedure for JHT Handler. (Skill Level 2)(TWI)","Z8F80940357","A.7","visvanag","Production","Testing","BE","Singapore, Kallang Way","cDtC_BE","2026-06-10T03:01:08+05:30","2028-06-10T03:01:08+05:30","Production: Procedure","Production Document","Ker Derick (BE SIN TM P FT T), Leow Siok Hua (BE QM MP SIN QE), Huang Niam Cheong (BE SIN FM ESH)","Xie Bo (BE SIN TE TH)","English",""
"OJTI for Preventive Maintenance on Advantest M4841 Test Handler. (Skill Level 5)","Z8F46860288","R.3","linyuefe","Production","Testing","BE","Singapore, Kallang Way","cDtC_BE","2026-06-15T00:53:29+05:30","2028-06-15T00:53:29+05:30","Production: Procedure","Production Document","Xie Bo (BE SIN TE TH)","Xie Bo (BE SIN TE TH)","English","A5D00005700"
"OJTI Preventive Maintenance for UltraFLEX Testers (Skill Level 5) (TWI)","Z8F46860898","B.3","balanquitall","Production","Testing","BE","Singapore, Kallang Way","cDtC_BE","2026-05-29T02:26:48+05:30","2028-05-29T02:26:48+05:30","Production: Procedure","Production Document","Phua Elston (BE SIN TM P), Huang Niam Cheong (BE SIN FM ESH)","Mohammad Pervez So Mohommad Haron (BE SIN TE BM)","English","A5D00008445"
"OJTI for Work Area Control Process Flow (Skill Level 3)(TWI)","Z8F46861197","B.3","mohdsyafiq","Production","Testing","BE","Singapore, Kallang Way","cDtC_BE","2026-06-17T02:33:05+05:30","2028-06-17T02:33:05+05:30","Production: Procedure","Production Document","Ng Yu Ning Eileen (BE QM MP SIN QMS)","Myint Tun Linn (BE SIN TE UP)","English","A5D00009328"
"OJTI on Operating Procedures for Advantest M4841 Pick & Place Test Handler. (Skill Level 2)(TWI)","Z8F46860453","J.4","linyuefe","Production","Testing","BE","Singapore, Kallang Way","cDtC_BE","2026-06-22T01:27:39+05:30","2028-06-22T01:27:39+05:30","Production: Procedure","Production Document","Yau Liv (BE SIN TM P FT O)","Xie Bo (BE SIN TE TH)","English","A5D00006500"
"On-The-Job Training Policy and Procedures.","Z8F46861586","T.3","teokw","Production","n/a","BE","Singapore, Kallang Way","cDtC_BE","2024-09-13T10:00:00+05:30","2028-01-21T11:00:00+05:30","Production: Procedure","Production Document","","","English","A5D00050112"
"OJTI for Cold Station Monitoring System (CSMS). (Skill Level 2)(TWI)","Z8F46860327","C.2","sethuram","Production","n/a","BE","Singapore, Kallang Way","cDtC_BE","2024-10-02T10:00:00+05:30","2028-02-18T11:00:00+05:30","Production: Procedure","Production Document","","","English","A5D00005943"
"OJTI for MSP Equipment Safe Release (ESR). (Skill Level 3)(TWI)","Z8F46860659","H.3","seekuoki","Production","n/a","BE","Singapore, Kallang Way","cDtC_BE","2024-10-04T10:00:00+05:30","2028-02-20T11:00:00+05:30","Production: Procedure","Production Document","","","English","A5D00007273"
"OJTI for Line Maintenance for MiR Mobile Robot (MMR) (Skill Level 4)(TWI)","Z8F46861092","A.4","taibenwe","Production","n/a","BE","Singapore, Kallang Way","cDtC_BE","2023-07-07T10:00:00+05:30","2027-07-07T10:00:00+05:30","Production: Procedure","Production Document","","","English","A5D00008980"
"OJTI for Final Test Material Operator Lot handling procedure (Skill Level 2)(TWI)","Z8F46861174","B.5","seekuoki","Production","n/a","BE","Singapore, Kallang Way","cDtC_BE","2025-06-24T10:00:00+05:30","2028-04-15T10:00:00+05:30","Production: Procedure","Production Document","","","English","A5D00009261"
"OJTI for Tube and Tray Transfer Machine Device Handling Procedure. (Skill Level 3)(TWI)","Z8F46860837","E.3","seekuoki","Production","n/a","BE","Singapore, Kallang Way","cDtC_BE","2025-01-08T11:00:00+05:30","2027-09-14T10:00:00+05:30","Production: Procedure","Production Document","","","English","A5D00008171"
"OJTI on Operating Procedures for MiR Mobile Robot (MMR) (Skill Level 2)(TWI)","Z8F46861093","A.6","taibenwe","Production","n/a","BE","Singapore, Kallang Way","cDtC_BE","2023-07-17T10:00:00+05:30","2027-07-17T10:00:00+05:30","Production: Procedure","Production Document","","","English","A5D00008981"
"OJTI for Particle Cleaning Procedure For IBIS. (Skill Level 2)(TWI)","Z8F46861658","E.2","aznin","Production","n/a","BE","Singapore, Kallang Way","cDtC_BE","2022-10-18T10:00:00+05:30","2026-10-18T10:00:00+05:30","Production: Procedure","Production Document","","","English","A5D00050609"
"Guideline for OJTI with TWI Methodology","Z8F80787545","A.4","kammoois","Demand to Cash","n/a","BE","Wuxi, Melaka, Singapore, Kallang Way, Batam, Indonesia","eQM_BE_QM_QMS_MT","2025-04-04T01:49:49+05:30","","Quality Management: Information","Quality Management Document","auto-reviewed","auto-approved","English",""
"OJTI Preventive Maintenance for Automated Material Handling System (AMHS) (Skill Level 5)(TWI)","Z8F46860988","A.3","taibenwe","Production","n/a","BE","Singapore, Kallang Way","cDtC_BE","2023-02-28T11:00:00+05:30","2027-02-28T11:00:00+05:30","Production: Procedure","Production Document","","","English","A5D00008737"
"OJTI for Breakdown and Corrective Order at oneSAP (Skill Level 4) (TWI)","Z8F46860553","E.2","teoheepe","Production","n/a","BE","Singapore, Kallang Way","cDtC_BE","2024-09-20T10:00:00+05:30","2028-04-18T10:00:00+05:30","Production: Procedure","Production Document","","","English","A5D00006852"
"OJTI for Mobile Device at Manufacturing. (Skill Level 3)(TWI)","Z8F46860353","D.5","sethuram","Production","n/a","BE","Singapore, Kallang Way","cDtC_BE","2025-06-25T10:00:00+05:30","2027-09-19T10:00:00+05:30","Production: Procedure","Production Document","","","English","A5D00006074"
"OJTI for Basic Operation of MGT(MB8I) Mirae Autoloader. (Skill Level 2) (TWI)","Z8F46860381","E.4","aznin","Production","n/a","BE","Singapore, Kallang Way","cDtC_BE","2025-07-11T10:00:00+05:30","2028-07-27T10:00:00+05:30","Production: Procedure","Production Document","","","English","A5D00006205"
"OJTI on Process Specification, Control Systems & Alarm Handling for Test Process.(Skill Level 3)(TWI)","Z8F46861711","Y.4","seekuoki","Production","n/a","BE","Singapore, Kallang Way","cDtC_BE","2024-05-06T10:00:00+05:30","2028-05-06T10:00:00+05:30","Production: Procedure","Production Document","","","English","A5D00050894"
"OJTI for Opcenter Transactions at Final Test Operation. (Skill Level 2)(TWI)","Z8F46859880","M.5","mohdsyafiq","Production","n/a","BE","Singapore, Kallang Way","cDtC_BE","2025-09-22T09:41:24+05:30","2027-09-22T09:41:25+05:30","Production: Procedure","Production Document","Leow Siok Hua (BE QM MP SIN QE),Myint Tun Linn (BE SIN OP APE UP)","Huang Niam Cheong (BE FM SIN ESH),Sim Lee Wee (BE SIN OP P)","English","A5D00001696"
"OJTI PM for Turnstile System. (Skill Level 5)","Z8F46861686","J.2","guochang","Production","n/a","BE","Singapore, Kallang Way","cDtC_BE","2022-10-25T10:00:00+05:30","2026-10-25T11:00:00+05:30","Production: Procedure","Production Document","","","English","A5D00050731"
"OJTI for Opcenter IBIS Equipment, IBIS Tools, BIB Family and Equipment Matrix Configuration. (Skill Level 4)(TWI)","Z8F46860077","D.2","fabros","Production","n/a","BE","Singapore, Kallang Way","cDtC_BE","2024-10-16T10:00:00+05:30","2028-03-09T11:00:00+05:30","Production: Procedure","Production Document","","","English","A5D00004046"
"Documentation at BE Infineon Technologies","Z8F80928251","B.4","akgupol","Documentation","n/a","BE QM","Melaka, Singapore, Kallang Way, Batam, Indonesia","cDtC_BE","2026-07-01T02:11:03+05:30","2028-07-01T02:11:03+05:30","Production: Procedure","Production Document","Hasibuan Danny Rudy (BE QM MP BAT QMS DCC), Ng Yu Ning Eileen (BE QM MP SIN QMS), Chong Pei May (BE QM MAL QMS AD)","Cheah Wai Leong (BE QM MAL QMS), Tan Choong Kwang Roger (BE QM MP SIN QMS), Linuwari Yuyun (BE QM MP BAT QMS)","English",""